#
# There is insufficient memory for the Java Runtime Environment to continue.
# Native memory allocation (malloc) failed to allocate 1656336 bytes for Chunk::new
# Possible reasons:
#   The system is out of physical RAM or swap space
#   The process is running with CompressedOops enabled, and the Java Heap may be blocking the growth of the native heap
# Possible solutions:
#   Reduce memory load on the system
#   Increase physical memory or swap space
#   Check if swap backing store is full
#   Decrease Java heap size (-Xmx/-Xms)
#   Decrease number of Java threads
#   Decrease Java thread stack sizes (-Xss)
#   Set larger code cache with -XX:ReservedCodeCacheSize=
#   JVM is running with Unscaled Compressed Oops mode in which the Java heap is
#     placed in the first 4GB address space. The Java Heap base address is the
#     maximum limit for the native heap growth. Please use -XX:HeapBaseMinAddress
#     to set the Java Heap base and to place the Java Heap above 4GB virtual address.
# This output file may be truncated or incomplete.
#
#  Out of Memory Error (arena.cpp:189), pid=4728, tid=6768
#
# JRE version: OpenJDK Runtime Environment (17.0.6) (build 17.0.6+0-b2043.56-10027231)
# Java VM: OpenJDK 64-Bit Server VM (17.0.6+0-b2043.56-10027231, mixed mode, tiered, compressed oops, compressed class ptrs, g1 gc, windows-amd64)
# No core dump will be written. Minidumps are not enabled by default on client versions of Windows
#

---------------  S U M M A R Y ------------

Command Line: --add-opens=java.base/java.util=ALL-UNNAMED --add-opens=java.base/java.lang=ALL-UNNAMED --add-opens=java.base/java.lang.invoke=ALL-UNNAMED --add-opens=java.prefs/java.util.prefs=ALL-UNNAMED --add-opens=java.base/java.nio.charset=ALL-UNNAMED --add-opens=java.base/java.net=ALL-UNNAMED --add-opens=java.base/java.util.concurrent.atomic=ALL-UNNAMED -Xmx2048m -Dfile.encoding=UTF-8 -Duser.country=US -Duser.language=en -Duser.variant org.gradle.launcher.daemon.bootstrap.GradleDaemon 8.0

Host: Intel(R) Core(TM) i5 CPU         760  @ 2.80GHz, 4 cores, 5G,  Windows 10 , 64 bit Build 19041 (10.0.19041.3031)
Time: Wed Nov 15 19:50:05 2023 Russia TZ 2 Standard Time elapsed time: 60.853079 seconds (0d 0h 1m 0s)

---------------  T H R E A D  ---------------

Current thread (0x0000024cfdb5c830):  JavaThread "C2 CompilerThread0" daemon [_thread_in_native, id=6768, stack(0x000000b9f6b00000,0x000000b9f6c00000)]


Current CompileTask:
C2:  60855 16694 %     4       com.android.tools.r8.ir.regalloc.b::c @ 2074 (4041 bytes)

Stack: [0x000000b9f6b00000,0x000000b9f6c00000]
Native frames: (J=compiled Java code, j=interpreted, Vv=VM code, C=native code)
V  [jvm.dll+0x683c9a]
V  [jvm.dll+0x8427a4]
V  [jvm.dll+0x843f9e]
V  [jvm.dll+0x844603]
V  [jvm.dll+0x249b75]
V  [jvm.dll+0xabcac]
V  [jvm.dll+0xac27c]
V  [jvm.dll+0x368802]
V  [jvm.dll+0x1bced2]
V  [jvm.dll+0x21c359]
V  [jvm.dll+0x21b621]
V  [jvm.dll+0x1a4fdd]
V  [jvm.dll+0x22b098]
V  [jvm.dll+0x229159]
V  [jvm.dll+0x7f81ec]
V  [jvm.dll+0x7f274a]
V  [jvm.dll+0x682ad5]
C  [ucrtbase.dll+0x21bb2]
C  [KERNEL32.DLL+0x17614]
C  [ntdll.dll+0x526f1]


---------------  P R O C E S S  ---------------

Threads class SMR info:
_java_thread_list=0x0000024c80647440, length=95, elements={
0x0000024ce4563910, 0x0000024cfdb32620, 0x0000024cfdb34c40, 0x0000024cfdb564d0,
0x0000024cfdb58f90, 0x0000024cfdb59940, 0x0000024cfdb5a2f0, 0x0000024cfdb5c830,
0x0000024cfdb5da70, 0x0000024cfe505d30, 0x0000024cfe69a750, 0x0000024cfe69f040,
0x0000024c806f7990, 0x0000024c800775a0, 0x0000024c80e858e0, 0x0000024c805255b0,
0x0000024c810d6030, 0x0000024c80eabd00, 0x0000024c81214be0, 0x0000024c8127e600,
0x0000024c8127d790, 0x0000024c8127dc60, 0x0000024c8127b5e0, 0x0000024c8127ac40,
0x0000024c8127d2c0, 0x0000024c8127e130, 0x0000024c8127b110, 0x0000024c8127bab0,
0x0000024c8127bf80, 0x0000024c8127c450, 0x0000024c8127c920, 0x0000024c8127cdf0,
0x0000024c81eaa210, 0x0000024c81eabef0, 0x0000024c81eab080, 0x0000024c81eacd60,
0x0000024c81eab550, 0x0000024c81eaba20, 0x0000024c81eac890, 0x0000024c81ead230,
0x0000024c81eae570, 0x0000024c81eaf3e0, 0x0000024c81eaa6e0, 0x0000024c81eaabb0,
0x0000024c81ea9d40, 0x0000024c81ea93a0, 0x0000024c81eaef10, 0x0000024c81eaf8b0,
0x0000024c81ea8060, 0x0000024c81ea8530, 0x0000024c81ea8a00, 0x0000024c81ea8ed0,
0x0000024c838943b0, 0x0000024c8389ad90, 0x0000024c83896560, 0x0000024c83895220,
0x0000024c838978a0, 0x0000024c8389a3f0, 0x0000024c83896a30, 0x0000024c8389a8c0,
0x0000024c838956f0, 0x0000024c83898240, 0x0000024c83899a50, 0x0000024c838973d0,
0x0000024c838990b0, 0x0000024c83897d70, 0x0000024c83899f20, 0x0000024c83894880,
0x0000024c83894d50, 0x0000024c83895bc0, 0x0000024c83893540, 0x0000024c83896090,
0x0000024c83896f00, 0x0000024c83893a10, 0x0000024c83893ee0, 0x0000024c83898710,
0x0000024c83898be0, 0x0000024c83899580, 0x0000024c828052a0, 0x0000024c82804900,
0x0000024c828018e0, 0x0000024c82804430, 0x0000024c82803a90, 0x0000024c82802c20,
0x0000024c82804dd0, 0x0000024c828035c0, 0x0000024c82802750, 0x0000024c82806110,
0x0000024c828030f0, 0x0000024c82807450, 0x0000024c82807920, 0x0000024c82801410,
0x0000024c82801db0, 0x0000024c828000d0, 0x0000024c82805c40
}

Java Threads: ( => current thread )
  0x0000024ce4563910 JavaThread "main" [_thread_blocked, id=4524, stack(0x000000b9f5e00000,0x000000b9f5f00000)]
  0x0000024cfdb32620 JavaThread "Reference Handler" daemon [_thread_blocked, id=9480, stack(0x000000b9f6500000,0x000000b9f6600000)]
  0x0000024cfdb34c40 JavaThread "Finalizer" daemon [_thread_blocked, id=6672, stack(0x000000b9f6600000,0x000000b9f6700000)]
  0x0000024cfdb564d0 JavaThread "Signal Dispatcher" daemon [_thread_blocked, id=9176, stack(0x000000b9f6700000,0x000000b9f6800000)]
  0x0000024cfdb58f90 JavaThread "Attach Listener" daemon [_thread_blocked, id=7788, stack(0x000000b9f6800000,0x000000b9f6900000)]
  0x0000024cfdb59940 JavaThread "Service Thread" daemon [_thread_blocked, id=7380, stack(0x000000b9f6900000,0x000000b9f6a00000)]
  0x0000024cfdb5a2f0 JavaThread "Monitor Deflation Thread" daemon [_thread_blocked, id=7256, stack(0x000000b9f6a00000,0x000000b9f6b00000)]
=>0x0000024cfdb5c830 JavaThread "C2 CompilerThread0" daemon [_thread_in_native, id=6768, stack(0x000000b9f6b00000,0x000000b9f6c00000)]
  0x0000024cfdb5da70 JavaThread "C1 CompilerThread0" daemon [_thread_blocked, id=10196, stack(0x000000b9f6c00000,0x000000b9f6d00000)]
  0x0000024cfe505d30 JavaThread "Sweeper thread" daemon [_thread_blocked, id=9808, stack(0x000000b9f6d00000,0x000000b9f6e00000)]
  0x0000024cfe69a750 JavaThread "Common-Cleaner" daemon [_thread_blocked, id=5516, stack(0x000000b9f6e00000,0x000000b9f6f00000)]
  0x0000024cfe69f040 JavaThread "Notification Thread" daemon [_thread_blocked, id=9776, stack(0x000000b9f6f00000,0x000000b9f7000000)]
  0x0000024c806f7990 JavaThread "Daemon health stats" [_thread_blocked, id=3160, stack(0x000000b9f7300000,0x000000b9f7400000)]
  0x0000024c800775a0 JavaThread "Incoming local TCP Connector on port 52027" [_thread_in_native, id=6456, stack(0x000000b9f7500000,0x000000b9f7600000)]
  0x0000024c80e858e0 JavaThread "Daemon periodic checks" [_thread_blocked, id=7596, stack(0x000000b9f7600000,0x000000b9f7700000)]
  0x0000024c805255b0 JavaThread "Daemon" [_thread_blocked, id=692, stack(0x000000b9f7700000,0x000000b9f7800000)]
  0x0000024c810d6030 JavaThread "Handler for socket connection from /127.0.0.1:52027 to /127.0.0.1:52028" [_thread_in_native, id=1328, stack(0x000000b9f7800000,0x000000b9f7900000)]
  0x0000024c80eabd00 JavaThread "Cancel handler" [_thread_blocked, id=9848, stack(0x000000b9f7900000,0x000000b9f7a00000)]
  0x0000024c81214be0 JavaThread "Daemon worker" [_thread_blocked, id=9968, stack(0x000000b9f7a00000,0x000000b9f7b00000)]
  0x0000024c8127e600 JavaThread "Asynchronous log dispatcher for DefaultDaemonConnection: socket connection from /127.0.0.1:52027 to /127.0.0.1:52028" [_thread_blocked, id=7360, stack(0x000000b9f7b00000,0x000000b9f7c00000)]
  0x0000024c8127d790 JavaThread "Stdin handler" [_thread_blocked, id=1172, stack(0x000000b9f7c00000,0x000000b9f7d00000)]
  0x0000024c8127dc60 JavaThread "Daemon client event forwarder" [_thread_blocked, id=8952, stack(0x000000b9f7d00000,0x000000b9f7e00000)]
  0x0000024c8127b5e0 JavaThread "Cache worker for journal cache (C:\Users\Mess\.gradle\caches\journal-1)" [_thread_blocked, id=6284, stack(0x000000b9f7e00000,0x000000b9f7f00000)]
  0x0000024c8127ac40 JavaThread "File lock request listener" [_thread_in_native, id=4720, stack(0x000000b9f7f00000,0x000000b9f8000000)]
  0x0000024c8127d2c0 JavaThread "Cache worker for file hash cache (C:\Users\Mess\.gradle\caches\8.0\fileHashes)" [_thread_blocked, id=8520, stack(0x000000b9f8000000,0x000000b9f8100000)]
  0x0000024c8127e130 JavaThread "File watcher server" daemon [_thread_in_native, id=4724, stack(0x000000b9f8200000,0x000000b9f8300000)]
  0x0000024c8127b110 JavaThread "File watcher consumer" daemon [_thread_blocked, id=9360, stack(0x000000b9f8300000,0x000000b9f8400000)]
  0x0000024c8127bab0 JavaThread "Cache worker for checksums cache (C:\Users\Mess\AndroidStudioProjects\DairyAppgfr\.gradle\8.0\checksums)" [_thread_blocked, id=132, stack(0x000000b9f8400000,0x000000b9f8500000)]
  0x0000024c8127bf80 JavaThread "Cache worker for cache directory md-rule (C:\Users\Mess\.gradle\caches\8.0\md-rule)" [_thread_blocked, id=8776, stack(0x000000b9f8500000,0x000000b9f8600000)]
  0x0000024c8127c450 JavaThread "Cache worker for file content cache (C:\Users\Mess\.gradle\caches\8.0\fileContent)" [_thread_blocked, id=6220, stack(0x000000b9f8600000,0x000000b9f8700000)]
  0x0000024c8127c920 JavaThread "Cache worker for file hash cache (C:\Users\Mess\AndroidStudioProjects\DairyAppgfr\.gradle\8.0\fileHashes)" [_thread_blocked, id=10084, stack(0x000000b9f8700000,0x000000b9f8800000)]
  0x0000024c8127cdf0 JavaThread "Cache worker for cache directory md-supplier (C:\Users\Mess\.gradle\caches\8.0\md-supplier)" [_thread_blocked, id=5692, stack(0x000000b9f8800000,0x000000b9f8900000)]
  0x0000024c81eaa210 JavaThread "Cache worker for execution history cache (C:\Users\Mess\.gradle\caches\8.0\executionHistory)" [_thread_blocked, id=1800, stack(0x000000b9f8900000,0x000000b9f8a00000)]
  0x0000024c81eabef0 JavaThread "jar transforms" [_thread_blocked, id=4516, stack(0x000000b9f8a00000,0x000000b9f8b00000)]
  0x0000024c81eab080 JavaThread "jar transforms Thread 2" [_thread_blocked, id=5728, stack(0x000000b9f8b00000,0x000000b9f8c00000)]
  0x0000024c81eacd60 JavaThread "jar transforms Thread 3" [_thread_blocked, id=1228, stack(0x000000b9f8d00000,0x000000b9f8e00000)]
  0x0000024c81eab550 JavaThread "Unconstrained build operations" [_thread_blocked, id=5224, stack(0x000000b9f8e00000,0x000000b9f8f00000)]
  0x0000024c81eaba20 JavaThread "Unconstrained build operations Thread 2" [_thread_blocked, id=10064, stack(0x000000b9f8f00000,0x000000b9f9000000)]
  0x0000024c81eac890 JavaThread "jar transforms Thread 4" [_thread_blocked, id=4568, stack(0x000000b9f9000000,0x000000b9f9100000)]
  0x0000024c81ead230 JavaThread "Cache worker for dependencies-accessors (C:\Users\Mess\AndroidStudioProjects\DairyAppgfr\.gradle\8.0\dependencies-accessors)" [_thread_blocked, id=8924, stack(0x000000b9f9100000,0x000000b9f9200000)]
  0x0000024c81eae570 JavaThread "Cache worker for Build Output Cleanup Cache (C:\Users\Mess\AndroidStudioProjects\DairyAppgfr\.gradle\buildOutputCleanup)" [_thread_blocked, id=3820, stack(0x000000b9f9200000,0x000000b9f9300000)]
  0x0000024c81eaf3e0 JavaThread "Unconstrained build operations Thread 3" [_thread_blocked, id=9504, stack(0x000000b9f9300000,0x000000b9f9400000)]
  0x0000024c81eaa6e0 JavaThread "Unconstrained build operations Thread 4" [_thread_blocked, id=1452, stack(0x000000b9f9400000,0x000000b9f9500000)]
  0x0000024c81eaabb0 JavaThread "Unconstrained build operations Thread 5" [_thread_blocked, id=9972, stack(0x000000b9f9500000,0x000000b9f9600000)]
  0x0000024c81ea9d40 JavaThread "Unconstrained build operations Thread 6" [_thread_blocked, id=2680, stack(0x000000b9f9600000,0x000000b9f9700000)]
  0x0000024c81ea93a0 JavaThread "Unconstrained build operations Thread 7" [_thread_blocked, id=244, stack(0x000000b9f9700000,0x000000b9f9800000)]
  0x0000024c81eaef10 JavaThread "Unconstrained build operations Thread 8" [_thread_blocked, id=5012, stack(0x000000b9f9800000,0x000000b9f9900000)]
  0x0000024c81eaf8b0 JavaThread "Unconstrained build operations Thread 9" [_thread_blocked, id=9536, stack(0x000000b9f9900000,0x000000b9f9a00000)]
  0x0000024c81ea8060 JavaThread "Unconstrained build operations Thread 10" [_thread_blocked, id=9388, stack(0x000000b9f9a00000,0x000000b9f9b00000)]
  0x0000024c81ea8530 JavaThread "Unconstrained build operations Thread 11" [_thread_blocked, id=8236, stack(0x000000b9f9b00000,0x000000b9f9c00000)]
  0x0000024c81ea8a00 JavaThread "Unconstrained build operations Thread 12" [_thread_blocked, id=9980, stack(0x000000b9f9c00000,0x000000b9f9d00000)]
  0x0000024c81ea8ed0 JavaThread "Unconstrained build operations Thread 13" [_thread_blocked, id=10236, stack(0x000000b9f9d00000,0x000000b9f9e00000)]
  0x0000024c838943b0 JavaThread "Unconstrained build operations Thread 14" [_thread_blocked, id=10088, stack(0x000000b9f9e00000,0x000000b9f9f00000)]
  0x0000024c8389ad90 JavaThread "Unconstrained build operations Thread 15" [_thread_blocked, id=10032, stack(0x000000b9f9f00000,0x000000b9fa000000)]
  0x0000024c83896560 JavaThread "Unconstrained build operations Thread 16" [_thread_blocked, id=5372, stack(0x000000b9fa000000,0x000000b9fa100000)]
  0x0000024c83895220 JavaThread "Unconstrained build operations Thread 17" [_thread_blocked, id=9744, stack(0x000000b9fa100000,0x000000b9fa200000)]
  0x0000024c838978a0 JavaThread "Unconstrained build operations Thread 18" [_thread_blocked, id=1940, stack(0x000000b9fa200000,0x000000b9fa300000)]
  0x0000024c8389a3f0 JavaThread "Unconstrained build operations Thread 19" [_thread_blocked, id=9444, stack(0x000000b9fa300000,0x000000b9fa400000)]
  0x0000024c83896a30 JavaThread "Unconstrained build operations Thread 20" [_thread_blocked, id=4528, stack(0x000000b9fa400000,0x000000b9fa500000)]
  0x0000024c8389a8c0 JavaThread "Unconstrained build operations Thread 21" [_thread_blocked, id=5572, stack(0x000000b9fa500000,0x000000b9fa600000)]
  0x0000024c838956f0 JavaThread "Unconstrained build operations Thread 22" [_thread_blocked, id=8896, stack(0x000000b9fa600000,0x000000b9fa700000)]
  0x0000024c83898240 JavaThread "Unconstrained build operations Thread 23" [_thread_blocked, id=504, stack(0x000000b9fa700000,0x000000b9fa800000)]
  0x0000024c83899a50 JavaThread "Unconstrained build operations Thread 24" [_thread_blocked, id=10052, stack(0x000000b9fa800000,0x000000b9fa900000)]
  0x0000024c838973d0 JavaThread "Unconstrained build operations Thread 25" [_thread_blocked, id=1648, stack(0x000000b9fa900000,0x000000b9faa00000)]
  0x0000024c838990b0 JavaThread "Unconstrained build operations Thread 26" [_thread_blocked, id=1364, stack(0x000000b9faa00000,0x000000b9fab00000)]
  0x0000024c83897d70 JavaThread "Unconstrained build operations Thread 27" [_thread_blocked, id=2380, stack(0x000000b9fab00000,0x000000b9fac00000)]
  0x0000024c83899f20 JavaThread "Unconstrained build operations Thread 28" [_thread_blocked, id=7552, stack(0x000000b9fac00000,0x000000b9fad00000)]
  0x0000024c83894880 JavaThread "Unconstrained build operations Thread 29" [_thread_blocked, id=3264, stack(0x000000b9fad00000,0x000000b9fae00000)]
  0x0000024c83894d50 JavaThread "Unconstrained build operations Thread 30" [_thread_blocked, id=6404, stack(0x000000b9fae00000,0x000000b9faf00000)]
  0x0000024c83895bc0 JavaThread "Unconstrained build operations Thread 31" [_thread_blocked, id=2312, stack(0x000000b9faf00000,0x000000b9fb000000)]
  0x0000024c83893540 JavaThread "Unconstrained build operations Thread 32" [_thread_blocked, id=5248, stack(0x000000b9fb000000,0x000000b9fb100000)]
  0x0000024c83896090 JavaThread "Unconstrained build operations Thread 33" [_thread_blocked, id=7120, stack(0x000000b9fb100000,0x000000b9fb200000)]
  0x0000024c83896f00 JavaThread "Unconstrained build operations Thread 34" [_thread_blocked, id=9960, stack(0x000000b9fb200000,0x000000b9fb300000)]
  0x0000024c83893a10 JavaThread "Unconstrained build operations Thread 35" [_thread_blocked, id=5208, stack(0x000000b9fb300000,0x000000b9fb400000)]
  0x0000024c83893ee0 JavaThread "Unconstrained build operations Thread 36" [_thread_blocked, id=3608, stack(0x000000b9fb400000,0x000000b9fb500000)]
  0x0000024c83898710 JavaThread "Unconstrained build operations Thread 37" [_thread_blocked, id=3736, stack(0x000000b9fb500000,0x000000b9fb600000)]
  0x0000024c83898be0 JavaThread "Unconstrained build operations Thread 38" [_thread_blocked, id=3916, stack(0x000000b9fb600000,0x000000b9fb700000)]
  0x0000024c83899580 JavaThread "Unconstrained build operations Thread 39" [_thread_blocked, id=7760, stack(0x000000b9fb700000,0x000000b9fb800000)]
  0x0000024c828052a0 JavaThread "Unconstrained build operations Thread 40" [_thread_blocked, id=8248, stack(0x000000b9fb800000,0x000000b9fb900000)]
  0x0000024c82804900 JavaThread "build event listener" [_thread_blocked, id=5880, stack(0x000000b9fb900000,0x000000b9fba00000)]
  0x0000024c828018e0 JavaThread "build event listener" [_thread_blocked, id=2880, stack(0x000000b9fba00000,0x000000b9fbb00000)]
  0x0000024c82804430 JavaThread "Memory manager" [_thread_blocked, id=5308, stack(0x000000b9fbb00000,0x000000b9fbc00000)]
  0x0000024c82803a90 JavaThread "build event listener" [_thread_blocked, id=5956, stack(0x000000b9f8100000,0x000000b9f8200000)]
  0x0000024c82802c20 JavaThread "ForkJoinPool.commonPool-worker-1" daemon [_thread_blocked, id=5272, stack(0x000000b9fbc00000,0x000000b9fbd00000)]
  0x0000024c82804dd0 JavaThread "ForkJoinPool.commonPool-worker-2" daemon [_thread_blocked, id=4880, stack(0x000000b9fbd00000,0x000000b9fbe00000)]
  0x0000024c828035c0 JavaThread "ForkJoinPool.commonPool-worker-3" daemon [_thread_blocked, id=6572, stack(0x000000b9fbe00000,0x000000b9fbf00000)]
  0x0000024c82802750 JavaThread "Exec process" [_thread_blocked, id=7988, stack(0x000000b9fbf00000,0x000000b9fc000000)]
  0x0000024c82806110 JavaThread "Exec process Thread 2" [_thread_blocked, id=4288, stack(0x000000b9fc000000,0x000000b9fc100000)]
  0x0000024c828030f0 JavaThread "Exec process Thread 3" [_thread_blocked, id=6416, stack(0x000000b9fc100000,0x000000b9fc200000)]
  0x0000024c82807450 JavaThread "included builds" [_thread_blocked, id=9472, stack(0x000000b9fc400000,0x000000b9fc500000)]
  0x0000024c82807920 JavaThread "Execution worker" [_thread_blocked, id=4372, stack(0x000000b9fc500000,0x000000b9fc600000)]
  0x0000024c82801410 JavaThread "Execution worker Thread 2" [_thread_blocked, id=1368, stack(0x000000b9fc600000,0x000000b9fc700000)]
  0x0000024c82801db0 JavaThread "Execution worker Thread 3" [_thread_blocked, id=8736, stack(0x000000b9fc700000,0x000000b9fc800000)]
  0x0000024c828000d0 JavaThread "Cache worker for execution history cache (C:\Users\Mess\AndroidStudioProjects\DairyAppgfr\.gradle\8.0\executionHistory)" [_thread_blocked, id=852, stack(0x000000b9fc800000,0x000000b9fc900000)]
  0x0000024c82805c40 JavaThread "WorkerExecutor Queue" [_thread_blocked, id=5548, stack(0x000000b9fcb00000,0x000000b9fcc00000)]

Other Threads:
  0x0000024cfdb0b710 VMThread "VM Thread" [stack: 0x000000b9f6400000,0x000000b9f6500000] [id=10212]
  0x0000024cfe694410 WatcherThread [stack: 0x000000b9f7000000,0x000000b9f7100000] [id=9552]
  0x0000024ce45bdf30 GCTaskThread "GC Thread#0" [stack: 0x000000b9f5f00000,0x000000b9f6000000] [id=9392]
  0x0000024cfed30dc0 GCTaskThread "GC Thread#1" [stack: 0x000000b9f7100000,0x000000b9f7200000] [id=3000]
  0x0000024cfeeaed10 GCTaskThread "GC Thread#2" [stack: 0x000000b9f7200000,0x000000b9f7300000] [id=9616]
  0x0000024c8099b5d0 GCTaskThread "GC Thread#3" [stack: 0x000000b9f7400000,0x000000b9f7500000] [id=9532]
  0x0000024ce45cf610 ConcurrentGCThread "G1 Main Marker" [stack: 0x000000b9f6000000,0x000000b9f6100000] [id=7232]
  0x0000024ce45d0020 ConcurrentGCThread "G1 Conc#0" [stack: 0x000000b9f6100000,0x000000b9f6200000] [id=8584]
  0x0000024cfd970090 ConcurrentGCThread "G1 Refine#0" [stack: 0x000000b9f6200000,0x000000b9f6300000] [id=7920]
  0x0000024cfe7c9bd0 ConcurrentGCThread "G1 Refine#1" [stack: 0x000000b9f8c00000,0x000000b9f8d00000] [id=6492]
  0x0000024c81d1ae60 ConcurrentGCThread "G1 Refine#2" [stack: 0x000000b9fc900000,0x000000b9fca00000] [id=2416]
  0x0000024c81d18be0 ConcurrentGCThread "G1 Refine#3" [stack: 0x000000b9fca00000,0x000000b9fcb00000] [id=5764]
  0x0000024ce461fda0 ConcurrentGCThread "G1 Service" [stack: 0x000000b9f6300000,0x000000b9f6400000] [id=1852]

Threads with active compile tasks:
C2 CompilerThread0    61328 16694 %     4       com.android.tools.r8.ir.regalloc.b::c @ 2074 (4041 bytes)

VM state: at safepoint (normal execution)

VM Mutex/Monitor currently owned by a thread:  ([mutex/lock_event])
[0x0000024ce455f5f0] Threads_lock - owner thread: 0x0000024cfdb0b710
[0x0000024ce455e750] Heap_lock - owner thread: 0x0000024c82801db0

Heap address: 0x0000000080000000, size: 2048 MB, Compressed Oops mode: 32-bit

CDS archive(s) not mapped
Compressed class space mapped at: 0x0000000100000000-0x0000000140000000, reserved size: 1073741824
Narrow klass base: 0x0000000000000000, Narrow klass shift: 3, Narrow klass range: 0x140000000

GC Precious Log:
 CPUs: 4 total, 4 available
 Memory: 6134M
 Large Page Support: Disabled
 NUMA Support: Disabled
 Compressed Oops: Enabled (32-bit)
 Heap Region Size: 1M
 Heap Min Capacity: 8M
 Heap Initial Capacity: 96M
 Heap Max Capacity: 2G
 Pre-touch: Disabled
 Parallel Workers: 4
 Concurrent Workers: 1
 Concurrent Refinement Workers: 4
 Periodic GC: Disabled

Heap:
 garbage-first heap   total 542720K, used 202534K [0x0000000080000000, 0x0000000100000000)
  region size 1024K, 3 young (3072K), 3 survivors (3072K)
 Metaspace       used 117171K, committed 117888K, reserved 1155072K
  class space    used 15922K, committed 16256K, reserved 1048576K

Heap Regions: E=young(eden), S=young(survivor), O=old, HS=humongous(starts), HC=humongous(continues), CS=collection set, F=free, OA=open archive, CA=closed archive, TAMS=top-at-mark-start (previous, next)
|   0|0x0000000080000000, 0x0000000080100000, 0x0000000080100000|100%| O|  |TAMS 0x0000000080100000, 0x0000000080000000| Untracked 
|   1|0x0000000080100000, 0x0000000080200000, 0x0000000080200000|100%| O|  |TAMS 0x0000000080200000, 0x0000000080100000| Untracked 
|   2|0x0000000080200000, 0x0000000080300000, 0x0000000080300000|100%|HS|  |TAMS 0x0000000080300000, 0x0000000080200000| Complete 
|   3|0x0000000080300000, 0x0000000080400000, 0x0000000080400000|100%|HC|  |TAMS 0x0000000080400000, 0x0000000080300000| Complete 
|   4|0x0000000080400000, 0x0000000080500000, 0x0000000080500000|100%|HC|  |TAMS 0x0000000080500000, 0x0000000080400000| Complete 
|   5|0x0000000080500000, 0x0000000080600000, 0x0000000080600000|100%|HC|  |TAMS 0x0000000080600000, 0x0000000080500000| Complete 
|   6|0x0000000080600000, 0x0000000080700000, 0x0000000080700000|100%| O|  |TAMS 0x0000000080700000, 0x0000000080600000| Untracked 
|   7|0x0000000080700000, 0x0000000080800000, 0x0000000080800000|100%| O|  |TAMS 0x0000000080800000, 0x0000000080700000| Untracked 
|   8|0x0000000080800000, 0x0000000080900000, 0x0000000080900000|100%| O|  |TAMS 0x0000000080900000, 0x0000000080800000| Untracked 
|   9|0x0000000080900000, 0x0000000080a00000, 0x0000000080a00000|100%| O|  |TAMS 0x0000000080a00000, 0x0000000080900000| Untracked 
|  10|0x0000000080a00000, 0x0000000080b00000, 0x0000000080b00000|100%| O|  |TAMS 0x0000000080b00000, 0x0000000080a00000| Untracked 
|  11|0x0000000080b00000, 0x0000000080c00000, 0x0000000080c00000|100%| O|  |TAMS 0x0000000080b00000, 0x0000000080b00000| Untracked 
|  12|0x0000000080c00000, 0x0000000080d00000, 0x0000000080d00000|100%| O|  |TAMS 0x0000000080d00000, 0x0000000080c00000| Untracked 
|  13|0x0000000080d00000, 0x0000000080e00000, 0x0000000080e00000|100%| O|  |TAMS 0x0000000080e00000, 0x0000000080d00000| Untracked 
|  14|0x0000000080e00000, 0x0000000080f00000, 0x0000000080f00000|100%| O|  |TAMS 0x0000000080f00000, 0x0000000080e00000| Untracked 
|  15|0x0000000080f00000, 0x0000000081000000, 0x0000000081000000|100%| O|  |TAMS 0x0000000081000000, 0x0000000080f00000| Untracked 
|  16|0x0000000081000000, 0x0000000081100000, 0x0000000081100000|100%| O|  |TAMS 0x0000000081100000, 0x0000000081000000| Untracked 
|  17|0x0000000081100000, 0x0000000081200000, 0x0000000081200000|100%| O|  |TAMS 0x0000000081200000, 0x0000000081100000| Untracked 
|  18|0x0000000081200000, 0x0000000081300000, 0x0000000081300000|100%| O|  |TAMS 0x0000000081300000, 0x0000000081200000| Untracked 
|  19|0x0000000081300000, 0x0000000081400000, 0x0000000081400000|100%| O|  |TAMS 0x0000000081400000, 0x0000000081300000| Untracked 
|  20|0x0000000081400000, 0x0000000081500000, 0x0000000081500000|100%| O|  |TAMS 0x0000000081500000, 0x0000000081400000| Untracked 
|  21|0x0000000081500000, 0x0000000081600000, 0x0000000081600000|100%| O|  |TAMS 0x0000000081600000, 0x0000000081500000| Untracked 
|  22|0x0000000081600000, 0x0000000081700000, 0x0000000081700000|100%| O|  |TAMS 0x0000000081700000, 0x0000000081600000| Untracked 
|  23|0x0000000081700000, 0x0000000081800000, 0x0000000081800000|100%| O|  |TAMS 0x0000000081800000, 0x0000000081700000| Untracked 
|  24|0x0000000081800000, 0x0000000081900000, 0x0000000081900000|100%| O|  |TAMS 0x0000000081800000, 0x0000000081800000| Untracked 
|  25|0x0000000081900000, 0x0000000081a00000, 0x0000000081a00000|100%| O|  |TAMS 0x0000000081a00000, 0x0000000081900000| Untracked 
|  26|0x0000000081a00000, 0x0000000081b00000, 0x0000000081b00000|100%| O|  |TAMS 0x0000000081b00000, 0x0000000081a00000| Untracked 
|  27|0x0000000081b00000, 0x0000000081c00000, 0x0000000081c00000|100%| O|  |TAMS 0x0000000081c00000, 0x0000000081b00000| Untracked 
|  28|0x0000000081c00000, 0x0000000081d00000, 0x0000000081d00000|100%| O|  |TAMS 0x0000000081d00000, 0x0000000081c00000| Untracked 
|  29|0x0000000081d00000, 0x0000000081e00000, 0x0000000081e00000|100%| O|  |TAMS 0x0000000081e00000, 0x0000000081d00000| Untracked 
|  30|0x0000000081e00000, 0x0000000081f00000, 0x0000000081f00000|100%| O|  |TAMS 0x0000000081f00000, 0x0000000081e00000| Untracked 
|  31|0x0000000081f00000, 0x0000000082000000, 0x0000000082000000|100%| O|  |TAMS 0x0000000082000000, 0x0000000081f00000| Untracked 
|  32|0x0000000082000000, 0x0000000082100000, 0x0000000082100000|100%| O|  |TAMS 0x0000000082100000, 0x0000000082000000| Untracked 
|  33|0x0000000082100000, 0x0000000082200000, 0x0000000082200000|100%| O|  |TAMS 0x0000000082200000, 0x0000000082100000| Untracked 
|  34|0x0000000082200000, 0x0000000082300000, 0x0000000082300000|100%| O|  |TAMS 0x0000000082300000, 0x0000000082200000| Untracked 
|  35|0x0000000082300000, 0x0000000082400000, 0x0000000082400000|100%|HS|  |TAMS 0x0000000082400000, 0x0000000082300000| Complete 
|  36|0x0000000082400000, 0x0000000082500000, 0x0000000082500000|100%| O|  |TAMS 0x0000000082500000, 0x0000000082400000| Untracked 
|  37|0x0000000082500000, 0x0000000082600000, 0x0000000082600000|100%| O|  |TAMS 0x0000000082600000, 0x0000000082500000| Untracked 
|  38|0x0000000082600000, 0x0000000082700000, 0x0000000082700000|100%| O|  |TAMS 0x0000000082700000, 0x0000000082600000| Untracked 
|  39|0x0000000082700000, 0x0000000082800000, 0x0000000082800000|100%| O|  |TAMS 0x0000000082800000, 0x0000000082700000| Untracked 
|  40|0x0000000082800000, 0x0000000082900000, 0x0000000082900000|100%|HS|  |TAMS 0x0000000082900000, 0x0000000082800000| Complete 
|  41|0x0000000082900000, 0x0000000082a00000, 0x0000000082a00000|100%|HC|  |TAMS 0x0000000082a00000, 0x0000000082900000| Complete 
|  42|0x0000000082a00000, 0x0000000082b00000, 0x0000000082b00000|100%|HS|  |TAMS 0x0000000082b00000, 0x0000000082a00000| Complete 
|  43|0x0000000082b00000, 0x0000000082c00000, 0x0000000082c00000|100%|HS|  |TAMS 0x0000000082c00000, 0x0000000082b00000| Complete 
|  44|0x0000000082c00000, 0x0000000082d00000, 0x0000000082d00000|100%| O|  |TAMS 0x0000000082d00000, 0x0000000082c00000| Untracked 
|  45|0x0000000082d00000, 0x0000000082e00000, 0x0000000082e00000|100%|HS|  |TAMS 0x0000000082e00000, 0x0000000082d00000| Complete 
|  46|0x0000000082e00000, 0x0000000082f00000, 0x0000000082f00000|100%|HC|  |TAMS 0x0000000082f00000, 0x0000000082e00000| Complete 
|  47|0x0000000082f00000, 0x0000000083000000, 0x0000000083000000|100%|HC|  |TAMS 0x0000000083000000, 0x0000000082f00000| Complete 
|  48|0x0000000083000000, 0x0000000083100000, 0x0000000083100000|100%|HC|  |TAMS 0x0000000083100000, 0x0000000083000000| Complete 
|  49|0x0000000083100000, 0x0000000083200000, 0x0000000083200000|100%| O|  |TAMS 0x0000000083200000, 0x0000000083100000| Untracked 
|  50|0x0000000083200000, 0x0000000083300000, 0x0000000083300000|100%| O|  |TAMS 0x0000000083300000, 0x0000000083200000| Untracked 
|  51|0x0000000083300000, 0x0000000083400000, 0x0000000083400000|100%| O|  |TAMS 0x0000000083400000, 0x0000000083300000| Untracked 
|  52|0x0000000083400000, 0x0000000083500000, 0x0000000083500000|100%| O|  |TAMS 0x0000000083500000, 0x0000000083400000| Untracked 
|  53|0x0000000083500000, 0x0000000083600000, 0x0000000083600000|100%| O|  |TAMS 0x0000000083600000, 0x0000000083500000| Untracked 
|  54|0x0000000083600000, 0x0000000083700000, 0x0000000083700000|100%| O|  |TAMS 0x0000000083700000, 0x0000000083600000| Untracked 
|  55|0x0000000083700000, 0x0000000083800000, 0x0000000083800000|100%| O|  |TAMS 0x0000000083800000, 0x0000000083700000| Untracked 
|  56|0x0000000083800000, 0x0000000083900000, 0x0000000083900000|100%| O|  |TAMS 0x0000000083900000, 0x0000000083800000| Untracked 
|  57|0x0000000083900000, 0x0000000083a00000, 0x0000000083a00000|100%| O|  |TAMS 0x0000000083a00000, 0x0000000083900000| Untracked 
|  58|0x0000000083a00000, 0x0000000083b00000, 0x0000000083b00000|100%| O|  |TAMS 0x0000000083b00000, 0x0000000083a00000| Untracked 
|  59|0x0000000083b00000, 0x0000000083c00000, 0x0000000083c00000|100%| O|  |TAMS 0x0000000083c00000, 0x0000000083b00000| Untracked 
|  60|0x0000000083c00000, 0x0000000083d00000, 0x0000000083d00000|100%| O|  |TAMS 0x0000000083d00000, 0x0000000083c00000| Untracked 
|  61|0x0000000083d00000, 0x0000000083e00000, 0x0000000083e00000|100%| O|  |TAMS 0x0000000083e00000, 0x0000000083d00000| Untracked 
|  62|0x0000000083e00000, 0x0000000083f00000, 0x0000000083f00000|100%| O|  |TAMS 0x0000000083e28400, 0x0000000083e00000| Untracked 
|  63|0x0000000083f00000, 0x0000000084000000, 0x0000000084000000|100%| O|  |TAMS 0x0000000083f00000, 0x0000000083f00000| Untracked 
|  64|0x0000000084000000, 0x0000000084100000, 0x0000000084100000|100%| O|  |TAMS 0x0000000084000000, 0x0000000084000000| Untracked 
|  65|0x0000000084100000, 0x0000000084200000, 0x0000000084200000|100%| O|  |TAMS 0x0000000084100000, 0x0000000084100000| Untracked 
|  66|0x0000000084200000, 0x0000000084300000, 0x0000000084300000|100%| O|  |TAMS 0x0000000084300000, 0x0000000084200000| Untracked 
|  67|0x0000000084300000, 0x0000000084400000, 0x0000000084400000|100%| O|  |TAMS 0x0000000084400000, 0x0000000084300000| Untracked 
|  68|0x0000000084400000, 0x0000000084500000, 0x0000000084500000|100%| O|  |TAMS 0x0000000084500000, 0x0000000084400000| Untracked 
|  69|0x0000000084500000, 0x0000000084600000, 0x0000000084600000|100%| O|  |TAMS 0x0000000084600000, 0x0000000084500000| Untracked 
|  70|0x0000000084600000, 0x0000000084700000, 0x0000000084700000|100%| O|  |TAMS 0x0000000084700000, 0x0000000084600000| Untracked 
|  71|0x0000000084700000, 0x0000000084800000, 0x0000000084800000|100%| O|  |TAMS 0x0000000084700000, 0x0000000084700000| Untracked 
|  72|0x0000000084800000, 0x0000000084900000, 0x0000000084900000|100%| O|  |TAMS 0x0000000084800000, 0x0000000084800000| Untracked 
|  73|0x0000000084900000, 0x0000000084a00000, 0x0000000084a00000|100%| O|  |TAMS 0x0000000084900000, 0x0000000084900000| Untracked 
|  74|0x0000000084a00000, 0x0000000084b00000, 0x0000000084b00000|100%| O|  |TAMS 0x0000000084a00000, 0x0000000084a00000| Untracked 
|  75|0x0000000084b00000, 0x0000000084c00000, 0x0000000084c00000|100%| O|  |TAMS 0x0000000084b00000, 0x0000000084b00000| Untracked 
|  76|0x0000000084c00000, 0x0000000084d00000, 0x0000000084d00000|100%| O|  |TAMS 0x0000000084c00000, 0x0000000084c00000| Untracked 
|  77|0x0000000084d00000, 0x0000000084e00000, 0x0000000084e00000|100%| O|  |TAMS 0x0000000084d00000, 0x0000000084d00000| Untracked 
|  78|0x0000000084e00000, 0x0000000084f00000, 0x0000000084f00000|100%| O|  |TAMS 0x0000000084e00000, 0x0000000084e00000| Untracked 
|  79|0x0000000084f00000, 0x0000000085000000, 0x0000000085000000|100%| O|  |TAMS 0x0000000084f00000, 0x0000000084f00000| Untracked 
|  80|0x0000000085000000, 0x0000000085100000, 0x0000000085100000|100%| O|  |TAMS 0x0000000085000000, 0x0000000085000000| Untracked 
|  81|0x0000000085100000, 0x0000000085200000, 0x0000000085200000|100%| O|  |TAMS 0x0000000085100000, 0x0000000085100000| Untracked 
|  82|0x0000000085200000, 0x0000000085300000, 0x0000000085300000|100%| O|  |TAMS 0x0000000085200000, 0x0000000085200000| Untracked 
|  83|0x0000000085300000, 0x0000000085400000, 0x0000000085400000|100%| O|  |TAMS 0x0000000085300000, 0x0000000085300000| Untracked 
|  84|0x0000000085400000, 0x0000000085500000, 0x0000000085500000|100%| O|  |TAMS 0x0000000085400000, 0x0000000085400000| Untracked 
|  85|0x0000000085500000, 0x0000000085600000, 0x0000000085600000|100%| O|  |TAMS 0x0000000085500000, 0x0000000085500000| Untracked 
|  86|0x0000000085600000, 0x0000000085700000, 0x0000000085700000|100%| O|  |TAMS 0x0000000085600000, 0x0000000085600000| Untracked 
|  87|0x0000000085700000, 0x0000000085800000, 0x0000000085800000|100%| O|  |TAMS 0x0000000085700000, 0x0000000085700000| Untracked 
|  88|0x0000000085800000, 0x0000000085900000, 0x0000000085900000|100%| O|  |TAMS 0x0000000085800000, 0x0000000085800000| Untracked 
|  89|0x0000000085900000, 0x0000000085a00000, 0x0000000085a00000|100%| O|  |TAMS 0x0000000085900000, 0x0000000085900000| Untracked 
|  90|0x0000000085a00000, 0x0000000085b00000, 0x0000000085b00000|100%| O|  |TAMS 0x0000000085a00000, 0x0000000085a00000| Untracked 
|  91|0x0000000085b00000, 0x0000000085c00000, 0x0000000085c00000|100%| O|  |TAMS 0x0000000085b00000, 0x0000000085b00000| Untracked 
|  92|0x0000000085c00000, 0x0000000085d00000, 0x0000000085d00000|100%| O|  |TAMS 0x0000000085c00000, 0x0000000085c00000| Untracked 
|  93|0x0000000085d00000, 0x0000000085e00000, 0x0000000085e00000|100%| O|  |TAMS 0x0000000085d00000, 0x0000000085d00000| Untracked 
|  94|0x0000000085e00000, 0x0000000085f00000, 0x0000000085f00000|100%| O|  |TAMS 0x0000000085e00000, 0x0000000085e00000| Untracked 
|  95|0x0000000085f00000, 0x0000000086000000, 0x0000000086000000|100%| O|  |TAMS 0x0000000085f00000, 0x0000000085f00000| Untracked 
|  96|0x0000000086000000, 0x0000000086100000, 0x0000000086100000|100%| O|  |TAMS 0x0000000086000000, 0x0000000086000000| Untracked 
|  97|0x0000000086100000, 0x0000000086200000, 0x0000000086200000|100%| O|  |TAMS 0x0000000086100000, 0x0000000086100000| Untracked 
|  98|0x0000000086200000, 0x0000000086300000, 0x0000000086300000|100%| O|  |TAMS 0x0000000086200000, 0x0000000086200000| Untracked 
|  99|0x0000000086300000, 0x0000000086400000, 0x0000000086400000|100%| O|  |TAMS 0x0000000086300000, 0x0000000086300000| Untracked 
| 100|0x0000000086400000, 0x0000000086500000, 0x0000000086500000|100%| O|  |TAMS 0x0000000086400000, 0x0000000086400000| Untracked 
| 101|0x0000000086500000, 0x0000000086600000, 0x0000000086600000|100%| O|  |TAMS 0x0000000086500000, 0x0000000086500000| Untracked 
| 102|0x0000000086600000, 0x0000000086700000, 0x0000000086700000|100%| O|  |TAMS 0x0000000086600000, 0x0000000086600000| Untracked 
| 103|0x0000000086700000, 0x0000000086800000, 0x0000000086800000|100%| O|  |TAMS 0x0000000086700000, 0x0000000086700000| Untracked 
| 104|0x0000000086800000, 0x0000000086900000, 0x0000000086900000|100%| O|  |TAMS 0x0000000086800000, 0x0000000086800000| Untracked 
| 105|0x0000000086900000, 0x0000000086a00000, 0x0000000086a00000|100%| O|  |TAMS 0x0000000086900000, 0x0000000086900000| Untracked 
| 106|0x0000000086a00000, 0x0000000086b00000, 0x0000000086b00000|100%| O|  |TAMS 0x0000000086a00000, 0x0000000086a00000| Untracked 
| 107|0x0000000086b00000, 0x0000000086c00000, 0x0000000086c00000|100%| O|  |TAMS 0x0000000086b00000, 0x0000000086b00000| Untracked 
| 108|0x0000000086c00000, 0x0000000086d00000, 0x0000000086d00000|100%| O|  |TAMS 0x0000000086c00000, 0x0000000086c00000| Untracked 
| 109|0x0000000086d00000, 0x0000000086e00000, 0x0000000086e00000|100%| O|  |TAMS 0x0000000086d00000, 0x0000000086d00000| Untracked 
| 110|0x0000000086e00000, 0x0000000086f00000, 0x0000000086f00000|100%|HS|  |TAMS 0x0000000086e00000, 0x0000000086e00000| Complete 
| 111|0x0000000086f00000, 0x0000000087000000, 0x0000000087000000|100%| O|  |TAMS 0x0000000086f00000, 0x0000000086f00000| Untracked 
| 112|0x0000000087000000, 0x0000000087100000, 0x0000000087100000|100%| O|  |TAMS 0x0000000087000000, 0x0000000087000000| Untracked 
| 113|0x0000000087100000, 0x0000000087200000, 0x0000000087200000|100%| O|  |TAMS 0x0000000087100000, 0x0000000087100000| Untracked 
| 114|0x0000000087200000, 0x0000000087300000, 0x0000000087300000|100%| O|  |TAMS 0x0000000087200000, 0x0000000087200000| Untracked 
| 115|0x0000000087300000, 0x0000000087400000, 0x0000000087400000|100%| O|  |TAMS 0x0000000087300000, 0x0000000087300000| Untracked 
| 116|0x0000000087400000, 0x0000000087500000, 0x0000000087500000|100%| O|  |TAMS 0x0000000087400000, 0x0000000087400000| Untracked 
| 117|0x0000000087500000, 0x0000000087600000, 0x0000000087600000|100%| O|  |TAMS 0x0000000087500000, 0x0000000087500000| Untracked 
| 118|0x0000000087600000, 0x0000000087700000, 0x0000000087700000|100%| O|  |TAMS 0x0000000087600000, 0x0000000087600000| Untracked 
| 119|0x0000000087700000, 0x0000000087800000, 0x0000000087800000|100%| O|  |TAMS 0x0000000087700000, 0x0000000087700000| Untracked 
| 120|0x0000000087800000, 0x0000000087900000, 0x0000000087900000|100%| O|  |TAMS 0x0000000087800000, 0x0000000087800000| Untracked 
| 121|0x0000000087900000, 0x0000000087a00000, 0x0000000087a00000|100%| O|  |TAMS 0x0000000087900000, 0x0000000087900000| Untracked 
| 122|0x0000000087a00000, 0x0000000087b00000, 0x0000000087b00000|100%| O|  |TAMS 0x0000000087a00000, 0x0000000087a00000| Untracked 
| 123|0x0000000087b00000, 0x0000000087c00000, 0x0000000087c00000|100%| O|  |TAMS 0x0000000087b00000, 0x0000000087b00000| Untracked 
| 124|0x0000000087c00000, 0x0000000087d00000, 0x0000000087d00000|100%| O|  |TAMS 0x0000000087c00000, 0x0000000087c00000| Untracked 
| 125|0x0000000087d00000, 0x0000000087e00000, 0x0000000087e00000|100%| O|  |TAMS 0x0000000087d00000, 0x0000000087d00000| Untracked 
| 126|0x0000000087e00000, 0x0000000087f00000, 0x0000000087f00000|100%| O|  |TAMS 0x0000000087e00000, 0x0000000087e00000| Untracked 
| 127|0x0000000087f00000, 0x0000000088000000, 0x0000000088000000|100%| O|  |TAMS 0x0000000087f00000, 0x0000000087f00000| Untracked 
| 128|0x0000000088000000, 0x0000000088100000, 0x0000000088100000|100%| O|  |TAMS 0x0000000088000000, 0x0000000088000000| Untracked 
| 129|0x0000000088100000, 0x0000000088200000, 0x0000000088200000|100%| O|  |TAMS 0x0000000088100000, 0x0000000088100000| Untracked 
| 130|0x0000000088200000, 0x0000000088300000, 0x0000000088300000|100%| O|  |TAMS 0x0000000088200000, 0x0000000088200000| Untracked 
| 131|0x0000000088300000, 0x0000000088400000, 0x0000000088400000|100%| O|  |TAMS 0x0000000088300000, 0x0000000088300000| Untracked 
| 132|0x0000000088400000, 0x0000000088500000, 0x0000000088500000|100%| O|  |TAMS 0x0000000088400000, 0x0000000088400000| Untracked 
| 133|0x0000000088500000, 0x0000000088600000, 0x0000000088600000|100%| O|  |TAMS 0x0000000088500000, 0x0000000088500000| Untracked 
| 134|0x0000000088600000, 0x0000000088700000, 0x0000000088700000|100%| O|  |TAMS 0x0000000088600000, 0x0000000088600000| Untracked 
| 135|0x0000000088700000, 0x0000000088800000, 0x0000000088800000|100%| O|  |TAMS 0x0000000088700000, 0x0000000088700000| Untracked 
| 136|0x0000000088800000, 0x0000000088900000, 0x0000000088900000|100%| O|  |TAMS 0x0000000088800000, 0x0000000088800000| Untracked 
| 137|0x0000000088900000, 0x0000000088a00000, 0x0000000088a00000|100%| O|  |TAMS 0x0000000088900000, 0x0000000088900000| Untracked 
| 138|0x0000000088a00000, 0x0000000088b00000, 0x0000000088b00000|100%| O|  |TAMS 0x0000000088a00000, 0x0000000088a00000| Untracked 
| 139|0x0000000088b00000, 0x0000000088c00000, 0x0000000088c00000|100%| O|  |TAMS 0x0000000088b00000, 0x0000000088b00000| Untracked 
| 140|0x0000000088c00000, 0x0000000088d00000, 0x0000000088d00000|100%| O|  |TAMS 0x0000000088c00000, 0x0000000088c00000| Untracked 
| 141|0x0000000088d00000, 0x0000000088e00000, 0x0000000088e00000|100%| O|  |TAMS 0x0000000088d00000, 0x0000000088d00000| Untracked 
| 142|0x0000000088e00000, 0x0000000088f00000, 0x0000000088f00000|100%| O|  |TAMS 0x0000000088e00000, 0x0000000088e00000| Untracked 
| 143|0x0000000088f00000, 0x0000000089000000, 0x0000000089000000|100%| O|  |TAMS 0x0000000088f00000, 0x0000000088f00000| Untracked 
| 144|0x0000000089000000, 0x0000000089100000, 0x0000000089100000|100%| O|  |TAMS 0x0000000089000000, 0x0000000089000000| Untracked 
| 145|0x0000000089100000, 0x0000000089200000, 0x0000000089200000|100%| O|  |TAMS 0x0000000089100000, 0x0000000089100000| Untracked 
| 146|0x0000000089200000, 0x0000000089300000, 0x0000000089300000|100%| O|  |TAMS 0x0000000089200000, 0x0000000089200000| Untracked 
| 147|0x0000000089300000, 0x0000000089400000, 0x0000000089400000|100%| O|  |TAMS 0x0000000089300000, 0x0000000089300000| Untracked 
| 148|0x0000000089400000, 0x0000000089500000, 0x0000000089500000|100%| O|  |TAMS 0x0000000089400000, 0x0000000089400000| Untracked 
| 149|0x0000000089500000, 0x0000000089600000, 0x0000000089600000|100%| O|  |TAMS 0x0000000089500000, 0x0000000089500000| Untracked 
| 150|0x0000000089600000, 0x0000000089700000, 0x0000000089700000|100%| O|  |TAMS 0x0000000089600000, 0x0000000089600000| Untracked 
| 151|0x0000000089700000, 0x0000000089800000, 0x0000000089800000|100%| O|  |TAMS 0x0000000089700000, 0x0000000089700000| Untracked 
| 152|0x0000000089800000, 0x0000000089900000, 0x0000000089900000|100%| O|  |TAMS 0x0000000089800000, 0x0000000089800000| Untracked 
| 153|0x0000000089900000, 0x0000000089a00000, 0x0000000089a00000|100%| O|  |TAMS 0x0000000089900000, 0x0000000089900000| Untracked 
| 154|0x0000000089a00000, 0x0000000089b00000, 0x0000000089b00000|100%| O|  |TAMS 0x0000000089a00000, 0x0000000089a00000| Untracked 
| 155|0x0000000089b00000, 0x0000000089c00000, 0x0000000089c00000|100%| O|  |TAMS 0x0000000089b00000, 0x0000000089b00000| Untracked 
| 156|0x0000000089c00000, 0x0000000089d00000, 0x0000000089d00000|100%| O|  |TAMS 0x0000000089c00000, 0x0000000089c00000| Untracked 
| 157|0x0000000089d00000, 0x0000000089e00000, 0x0000000089e00000|100%| O|  |TAMS 0x0000000089d00000, 0x0000000089d00000| Untracked 
| 158|0x0000000089e00000, 0x0000000089f00000, 0x0000000089f00000|100%| O|  |TAMS 0x0000000089e00000, 0x0000000089e00000| Untracked 
| 159|0x0000000089f00000, 0x000000008a000000, 0x000000008a000000|100%| O|  |TAMS 0x0000000089f00000, 0x0000000089f00000| Untracked 
| 160|0x000000008a000000, 0x000000008a100000, 0x000000008a100000|100%| O|  |TAMS 0x000000008a000000, 0x000000008a000000| Untracked 
| 161|0x000000008a100000, 0x000000008a200000, 0x000000008a200000|100%| O|  |TAMS 0x000000008a100000, 0x000000008a100000| Untracked 
| 162|0x000000008a200000, 0x000000008a300000, 0x000000008a300000|100%| O|  |TAMS 0x000000008a200000, 0x000000008a200000| Untracked 
| 163|0x000000008a300000, 0x000000008a400000, 0x000000008a400000|100%| O|  |TAMS 0x000000008a300000, 0x000000008a300000| Untracked 
| 164|0x000000008a400000, 0x000000008a500000, 0x000000008a500000|100%| O|  |TAMS 0x000000008a400000, 0x000000008a400000| Untracked 
| 165|0x000000008a500000, 0x000000008a600000, 0x000000008a600000|100%| O|  |TAMS 0x000000008a500000, 0x000000008a500000| Untracked 
| 166|0x000000008a600000, 0x000000008a700000, 0x000000008a700000|100%| O|  |TAMS 0x000000008a600000, 0x000000008a600000| Untracked 
| 167|0x000000008a700000, 0x000000008a800000, 0x000000008a800000|100%| O|  |TAMS 0x000000008a700000, 0x000000008a700000| Untracked 
| 168|0x000000008a800000, 0x000000008a900000, 0x000000008a900000|100%| O|  |TAMS 0x000000008a800000, 0x000000008a800000| Untracked 
| 169|0x000000008a900000, 0x000000008aa00000, 0x000000008aa00000|100%| O|  |TAMS 0x000000008a900000, 0x000000008a900000| Untracked 
| 170|0x000000008aa00000, 0x000000008ab00000, 0x000000008ab00000|100%| O|  |TAMS 0x000000008aa00000, 0x000000008aa00000| Untracked 
| 171|0x000000008ab00000, 0x000000008ac00000, 0x000000008ac00000|100%| O|  |TAMS 0x000000008ab00000, 0x000000008ab00000| Untracked 
| 172|0x000000008ac00000, 0x000000008ad00000, 0x000000008ad00000|100%| O|  |TAMS 0x000000008ac00000, 0x000000008ac00000| Untracked 
| 173|0x000000008ad00000, 0x000000008ae00000, 0x000000008ae00000|100%| O|  |TAMS 0x000000008ad00000, 0x000000008ad00000| Untracked 
| 174|0x000000008ae00000, 0x000000008af00000, 0x000000008af00000|100%| O|  |TAMS 0x000000008ae00000, 0x000000008ae00000| Untracked 
| 175|0x000000008af00000, 0x000000008b000000, 0x000000008b000000|100%| O|  |TAMS 0x000000008af00000, 0x000000008af00000| Untracked 
| 176|0x000000008b000000, 0x000000008b100000, 0x000000008b100000|100%| O|  |TAMS 0x000000008b000000, 0x000000008b000000| Untracked 
| 177|0x000000008b100000, 0x000000008b200000, 0x000000008b200000|100%| O|  |TAMS 0x000000008b100000, 0x000000008b100000| Untracked 
| 178|0x000000008b200000, 0x000000008b300000, 0x000000008b300000|100%| O|  |TAMS 0x000000008b200000, 0x000000008b200000| Untracked 
| 179|0x000000008b300000, 0x000000008b400000, 0x000000008b400000|100%| O|  |TAMS 0x000000008b300000, 0x000000008b300000| Untracked 
| 180|0x000000008b400000, 0x000000008b500000, 0x000000008b500000|100%| O|  |TAMS 0x000000008b400000, 0x000000008b400000| Untracked 
| 181|0x000000008b500000, 0x000000008b600000, 0x000000008b600000|100%| O|  |TAMS 0x000000008b500000, 0x000000008b500000| Untracked 
| 182|0x000000008b600000, 0x000000008b700000, 0x000000008b700000|100%| O|  |TAMS 0x000000008b600000, 0x000000008b600000| Untracked 
| 183|0x000000008b700000, 0x000000008b800000, 0x000000008b800000|100%| O|  |TAMS 0x000000008b700000, 0x000000008b700000| Untracked 
| 184|0x000000008b800000, 0x000000008b900000, 0x000000008b900000|100%| O|  |TAMS 0x000000008b800000, 0x000000008b800000| Untracked 
| 185|0x000000008b900000, 0x000000008ba00000, 0x000000008ba00000|100%| O|  |TAMS 0x000000008b900000, 0x000000008b900000| Untracked 
| 186|0x000000008ba00000, 0x000000008bb00000, 0x000000008bb00000|100%| O|  |TAMS 0x000000008ba00000, 0x000000008ba00000| Untracked 
| 187|0x000000008bb00000, 0x000000008bc00000, 0x000000008bc00000|100%| O|  |TAMS 0x000000008bb00000, 0x000000008bb00000| Untracked 
| 188|0x000000008bc00000, 0x000000008bd00000, 0x000000008bd00000|100%| O|  |TAMS 0x000000008bc00000, 0x000000008bc00000| Untracked 
| 189|0x000000008bd00000, 0x000000008be00000, 0x000000008be00000|100%| O|  |TAMS 0x000000008bd00000, 0x000000008bd00000| Untracked 
| 190|0x000000008be00000, 0x000000008bf00000, 0x000000008bf00000|100%| O|  |TAMS 0x000000008be00000, 0x000000008be00000| Untracked 
| 191|0x000000008bf00000, 0x000000008c000000, 0x000000008c000000|100%| O|  |TAMS 0x000000008bf00000, 0x000000008bf00000| Untracked 
| 192|0x000000008c000000, 0x000000008c100000, 0x000000008c100000|100%| O|  |TAMS 0x000000008c000000, 0x000000008c000000| Untracked 
| 193|0x000000008c100000, 0x000000008c200000, 0x000000008c200000|100%| O|  |TAMS 0x000000008c100000, 0x000000008c100000| Untracked 
| 194|0x000000008c200000, 0x000000008c300000, 0x000000008c300000|100%| O|  |TAMS 0x000000008c200000, 0x000000008c200000| Untracked 
| 195|0x000000008c300000, 0x000000008c376800, 0x000000008c400000| 46%| O|  |TAMS 0x000000008c300000, 0x000000008c300000| Untracked 
| 196|0x000000008c400000, 0x000000008c400000, 0x000000008c500000|  0%| F|  |TAMS 0x000000008c400000, 0x000000008c400000| Untracked 
| 197|0x000000008c500000, 0x000000008c500000, 0x000000008c600000|  0%| F|  |TAMS 0x000000008c500000, 0x000000008c500000| Untracked 
| 198|0x000000008c600000, 0x000000008c600000, 0x000000008c700000|  0%| F|  |TAMS 0x000000008c600000, 0x000000008c600000| Untracked 
| 199|0x000000008c700000, 0x000000008c700000, 0x000000008c800000|  0%| F|  |TAMS 0x000000008c700000, 0x000000008c700000| Untracked 
| 200|0x000000008c800000, 0x000000008c800000, 0x000000008c900000|  0%| F|  |TAMS 0x000000008c800000, 0x000000008c800000| Untracked 
| 201|0x000000008c900000, 0x000000008c900000, 0x000000008ca00000|  0%| F|  |TAMS 0x000000008c900000, 0x000000008c900000| Untracked 
| 202|0x000000008ca00000, 0x000000008ca00000, 0x000000008cb00000|  0%| F|  |TAMS 0x000000008ca00000, 0x000000008ca00000| Untracked 
| 203|0x000000008cb00000, 0x000000008cb00000, 0x000000008cc00000|  0%| F|  |TAMS 0x000000008cb00000, 0x000000008cb00000| Untracked 
| 204|0x000000008cc00000, 0x000000008cc00000, 0x000000008cd00000|  0%| F|  |TAMS 0x000000008cc00000, 0x000000008cc00000| Untracked 
| 205|0x000000008cd00000, 0x000000008cd00000, 0x000000008ce00000|  0%| F|  |TAMS 0x000000008cd00000, 0x000000008cd00000| Untracked 
| 206|0x000000008ce00000, 0x000000008ce00000, 0x000000008cf00000|  0%| F|  |TAMS 0x000000008ce00000, 0x000000008ce00000| Untracked 
| 207|0x000000008cf00000, 0x000000008cf00000, 0x000000008d000000|  0%| F|  |TAMS 0x000000008cf00000, 0x000000008cf00000| Untracked 
| 208|0x000000008d000000, 0x000000008d000000, 0x000000008d100000|  0%| F|  |TAMS 0x000000008d000000, 0x000000008d000000| Untracked 
| 209|0x000000008d100000, 0x000000008d100000, 0x000000008d200000|  0%| F|  |TAMS 0x000000008d100000, 0x000000008d100000| Untracked 
| 210|0x000000008d200000, 0x000000008d200000, 0x000000008d300000|  0%| F|  |TAMS 0x000000008d200000, 0x000000008d200000| Untracked 
| 211|0x000000008d300000, 0x000000008d300000, 0x000000008d400000|  0%| F|  |TAMS 0x000000008d300000, 0x000000008d300000| Untracked 
| 212|0x000000008d400000, 0x000000008d400000, 0x000000008d500000|  0%| F|  |TAMS 0x000000008d400000, 0x000000008d400000| Untracked 
| 213|0x000000008d500000, 0x000000008d500000, 0x000000008d600000|  0%| F|  |TAMS 0x000000008d500000, 0x000000008d500000| Untracked 
| 214|0x000000008d600000, 0x000000008d600000, 0x000000008d700000|  0%| F|  |TAMS 0x000000008d600000, 0x000000008d600000| Untracked 
| 215|0x000000008d700000, 0x000000008d700000, 0x000000008d800000|  0%| F|  |TAMS 0x000000008d700000, 0x000000008d700000| Untracked 
| 216|0x000000008d800000, 0x000000008d800000, 0x000000008d900000|  0%| F|  |TAMS 0x000000008d800000, 0x000000008d800000| Untracked 
| 217|0x000000008d900000, 0x000000008d900000, 0x000000008da00000|  0%| F|  |TAMS 0x000000008d900000, 0x000000008d900000| Untracked 
| 218|0x000000008da00000, 0x000000008da00000, 0x000000008db00000|  0%| F|  |TAMS 0x000000008da00000, 0x000000008da00000| Untracked 
| 219|0x000000008db00000, 0x000000008db00000, 0x000000008dc00000|  0%| F|  |TAMS 0x000000008db00000, 0x000000008db00000| Untracked 
| 220|0x000000008dc00000, 0x000000008dc00000, 0x000000008dd00000|  0%| F|  |TAMS 0x000000008dc00000, 0x000000008dc00000| Untracked 
| 221|0x000000008dd00000, 0x000000008dd00000, 0x000000008de00000|  0%| F|  |TAMS 0x000000008dd00000, 0x000000008dd00000| Untracked 
| 222|0x000000008de00000, 0x000000008de00000, 0x000000008df00000|  0%| F|  |TAMS 0x000000008de00000, 0x000000008de00000| Untracked 
| 223|0x000000008df00000, 0x000000008df00000, 0x000000008e000000|  0%| F|  |TAMS 0x000000008df00000, 0x000000008df00000| Untracked 
| 224|0x000000008e000000, 0x000000008e000000, 0x000000008e100000|  0%| F|  |TAMS 0x000000008e000000, 0x000000008e000000| Untracked 
| 225|0x000000008e100000, 0x000000008e100000, 0x000000008e200000|  0%| F|  |TAMS 0x000000008e100000, 0x000000008e100000| Untracked 
| 226|0x000000008e200000, 0x000000008e200000, 0x000000008e300000|  0%| F|  |TAMS 0x000000008e200000, 0x000000008e200000| Untracked 
| 227|0x000000008e300000, 0x000000008e300000, 0x000000008e400000|  0%| F|  |TAMS 0x000000008e300000, 0x000000008e300000| Untracked 
| 228|0x000000008e400000, 0x000000008e400000, 0x000000008e500000|  0%| F|  |TAMS 0x000000008e400000, 0x000000008e400000| Untracked 
| 229|0x000000008e500000, 0x000000008e500000, 0x000000008e600000|  0%| F|  |TAMS 0x000000008e500000, 0x000000008e500000| Untracked 
| 230|0x000000008e600000, 0x000000008e600000, 0x000000008e700000|  0%| F|  |TAMS 0x000000008e600000, 0x000000008e600000| Untracked 
| 231|0x000000008e700000, 0x000000008e700000, 0x000000008e800000|  0%| F|  |TAMS 0x000000008e700000, 0x000000008e700000| Untracked 
| 232|0x000000008e800000, 0x000000008e800000, 0x000000008e900000|  0%| F|  |TAMS 0x000000008e800000, 0x000000008e800000| Untracked 
| 233|0x000000008e900000, 0x000000008e900000, 0x000000008ea00000|  0%| F|  |TAMS 0x000000008e900000, 0x000000008e900000| Untracked 
| 234|0x000000008ea00000, 0x000000008ea00000, 0x000000008eb00000|  0%| F|  |TAMS 0x000000008ea00000, 0x000000008ea00000| Untracked 
| 235|0x000000008eb00000, 0x000000008eb00000, 0x000000008ec00000|  0%| F|  |TAMS 0x000000008eb00000, 0x000000008eb00000| Untracked 
| 236|0x000000008ec00000, 0x000000008ec00000, 0x000000008ed00000|  0%| F|  |TAMS 0x000000008ec00000, 0x000000008ec00000| Untracked 
| 237|0x000000008ed00000, 0x000000008ed00000, 0x000000008ee00000|  0%| F|  |TAMS 0x000000008ed00000, 0x000000008ed00000| Untracked 
| 238|0x000000008ee00000, 0x000000008ee00000, 0x000000008ef00000|  0%| F|  |TAMS 0x000000008ee00000, 0x000000008ee00000| Untracked 
| 239|0x000000008ef00000, 0x000000008ef00000, 0x000000008f000000|  0%| F|  |TAMS 0x000000008ef00000, 0x000000008ef00000| Untracked 
| 240|0x000000008f000000, 0x000000008f000000, 0x000000008f100000|  0%| F|  |TAMS 0x000000008f000000, 0x000000008f000000| Untracked 
| 241|0x000000008f100000, 0x000000008f100000, 0x000000008f200000|  0%| F|  |TAMS 0x000000008f100000, 0x000000008f100000| Untracked 
| 242|0x000000008f200000, 0x000000008f200000, 0x000000008f300000|  0%| F|  |TAMS 0x000000008f200000, 0x000000008f200000| Untracked 
| 243|0x000000008f300000, 0x000000008f300000, 0x000000008f400000|  0%| F|  |TAMS 0x000000008f300000, 0x000000008f300000| Untracked 
| 244|0x000000008f400000, 0x000000008f400000, 0x000000008f500000|  0%| F|  |TAMS 0x000000008f400000, 0x000000008f400000| Untracked 
| 245|0x000000008f500000, 0x000000008f500000, 0x000000008f600000|  0%| F|  |TAMS 0x000000008f500000, 0x000000008f500000| Untracked 
| 246|0x000000008f600000, 0x000000008f600000, 0x000000008f700000|  0%| F|  |TAMS 0x000000008f600000, 0x000000008f600000| Untracked 
| 247|0x000000008f700000, 0x000000008f700000, 0x000000008f800000|  0%| F|  |TAMS 0x000000008f700000, 0x000000008f700000| Untracked 
| 248|0x000000008f800000, 0x000000008f800000, 0x000000008f900000|  0%| F|  |TAMS 0x000000008f800000, 0x000000008f800000| Untracked 
| 249|0x000000008f900000, 0x000000008f900000, 0x000000008fa00000|  0%| F|  |TAMS 0x000000008f900000, 0x000000008f900000| Untracked 
| 250|0x000000008fa00000, 0x000000008fa00000, 0x000000008fb00000|  0%| F|  |TAMS 0x000000008fa00000, 0x000000008fa00000| Untracked 
| 251|0x000000008fb00000, 0x000000008fb00000, 0x000000008fc00000|  0%| F|  |TAMS 0x000000008fb00000, 0x000000008fb00000| Untracked 
| 252|0x000000008fc00000, 0x000000008fc00000, 0x000000008fd00000|  0%| F|  |TAMS 0x000000008fc00000, 0x000000008fc00000| Untracked 
| 253|0x000000008fd00000, 0x000000008fd00000, 0x000000008fe00000|  0%| F|  |TAMS 0x000000008fd00000, 0x000000008fd00000| Untracked 
| 254|0x000000008fe00000, 0x000000008fe00000, 0x000000008ff00000|  0%| F|  |TAMS 0x000000008fe00000, 0x000000008fe00000| Untracked 
| 255|0x000000008ff00000, 0x000000008ff00000, 0x0000000090000000|  0%| F|  |TAMS 0x000000008ff00000, 0x000000008ff00000| Untracked 
| 256|0x0000000090000000, 0x0000000090000000, 0x0000000090100000|  0%| F|  |TAMS 0x0000000090000000, 0x0000000090000000| Untracked 
| 257|0x0000000090100000, 0x0000000090100000, 0x0000000090200000|  0%| F|  |TAMS 0x0000000090100000, 0x0000000090100000| Untracked 
| 258|0x0000000090200000, 0x0000000090200000, 0x0000000090300000|  0%| F|  |TAMS 0x0000000090200000, 0x0000000090200000| Untracked 
| 259|0x0000000090300000, 0x0000000090300000, 0x0000000090400000|  0%| F|  |TAMS 0x0000000090300000, 0x0000000090300000| Untracked 
| 260|0x0000000090400000, 0x0000000090400000, 0x0000000090500000|  0%| F|  |TAMS 0x0000000090400000, 0x0000000090400000| Untracked 
| 261|0x0000000090500000, 0x0000000090500000, 0x0000000090600000|  0%| F|  |TAMS 0x0000000090500000, 0x0000000090500000| Untracked 
| 262|0x0000000090600000, 0x0000000090600000, 0x0000000090700000|  0%| F|  |TAMS 0x0000000090600000, 0x0000000090600000| Untracked 
| 263|0x0000000090700000, 0x0000000090700000, 0x0000000090800000|  0%| F|  |TAMS 0x0000000090700000, 0x0000000090700000| Untracked 
| 264|0x0000000090800000, 0x0000000090800000, 0x0000000090900000|  0%| F|  |TAMS 0x0000000090800000, 0x0000000090800000| Untracked 
| 265|0x0000000090900000, 0x0000000090900000, 0x0000000090a00000|  0%| F|  |TAMS 0x0000000090900000, 0x0000000090900000| Untracked 
| 266|0x0000000090a00000, 0x0000000090a00000, 0x0000000090b00000|  0%| F|  |TAMS 0x0000000090a00000, 0x0000000090a00000| Untracked 
| 267|0x0000000090b00000, 0x0000000090b00000, 0x0000000090c00000|  0%| F|  |TAMS 0x0000000090b00000, 0x0000000090b00000| Untracked 
| 268|0x0000000090c00000, 0x0000000090c00000, 0x0000000090d00000|  0%| F|  |TAMS 0x0000000090c00000, 0x0000000090c00000| Untracked 
| 269|0x0000000090d00000, 0x0000000090d00000, 0x0000000090e00000|  0%| F|  |TAMS 0x0000000090d00000, 0x0000000090d00000| Untracked 
| 270|0x0000000090e00000, 0x0000000090e00000, 0x0000000090f00000|  0%| F|  |TAMS 0x0000000090e00000, 0x0000000090e00000| Untracked 
| 271|0x0000000090f00000, 0x0000000090f00000, 0x0000000091000000|  0%| F|  |TAMS 0x0000000090f00000, 0x0000000090f00000| Untracked 
| 272|0x0000000091000000, 0x0000000091000000, 0x0000000091100000|  0%| F|  |TAMS 0x0000000091000000, 0x0000000091000000| Untracked 
| 273|0x0000000091100000, 0x0000000091100000, 0x0000000091200000|  0%| F|  |TAMS 0x0000000091100000, 0x0000000091100000| Untracked 
| 274|0x0000000091200000, 0x0000000091200000, 0x0000000091300000|  0%| F|  |TAMS 0x0000000091200000, 0x0000000091200000| Untracked 
| 275|0x0000000091300000, 0x0000000091300000, 0x0000000091400000|  0%| F|  |TAMS 0x0000000091300000, 0x0000000091300000| Untracked 
| 276|0x0000000091400000, 0x0000000091400000, 0x0000000091500000|  0%| F|  |TAMS 0x0000000091400000, 0x0000000091400000| Untracked 
| 277|0x0000000091500000, 0x0000000091500000, 0x0000000091600000|  0%| F|  |TAMS 0x0000000091500000, 0x0000000091500000| Untracked 
| 278|0x0000000091600000, 0x0000000091600000, 0x0000000091700000|  0%| F|  |TAMS 0x0000000091600000, 0x0000000091600000| Untracked 
| 279|0x0000000091700000, 0x0000000091700000, 0x0000000091800000|  0%| F|  |TAMS 0x0000000091700000, 0x0000000091700000| Untracked 
| 280|0x0000000091800000, 0x0000000091800000, 0x0000000091900000|  0%| F|  |TAMS 0x0000000091800000, 0x0000000091800000| Untracked 
| 281|0x0000000091900000, 0x0000000091900000, 0x0000000091a00000|  0%| F|  |TAMS 0x0000000091900000, 0x0000000091900000| Untracked 
| 282|0x0000000091a00000, 0x0000000091a00000, 0x0000000091b00000|  0%| F|  |TAMS 0x0000000091a00000, 0x0000000091a00000| Untracked 
| 283|0x0000000091b00000, 0x0000000091b00000, 0x0000000091c00000|  0%| F|  |TAMS 0x0000000091b00000, 0x0000000091b00000| Untracked 
| 284|0x0000000091c00000, 0x0000000091c00000, 0x0000000091d00000|  0%| F|  |TAMS 0x0000000091c00000, 0x0000000091c00000| Untracked 
| 285|0x0000000091d00000, 0x0000000091d00000, 0x0000000091e00000|  0%| F|  |TAMS 0x0000000091d00000, 0x0000000091d00000| Untracked 
| 286|0x0000000091e00000, 0x0000000091e00000, 0x0000000091f00000|  0%| F|  |TAMS 0x0000000091e00000, 0x0000000091e00000| Untracked 
| 287|0x0000000091f00000, 0x0000000091f00000, 0x0000000092000000|  0%| F|  |TAMS 0x0000000091f00000, 0x0000000091f00000| Untracked 
| 288|0x0000000092000000, 0x0000000092000000, 0x0000000092100000|  0%| F|  |TAMS 0x0000000092000000, 0x0000000092000000| Untracked 
| 289|0x0000000092100000, 0x0000000092100000, 0x0000000092200000|  0%| F|  |TAMS 0x0000000092100000, 0x0000000092100000| Untracked 
| 290|0x0000000092200000, 0x0000000092200000, 0x0000000092300000|  0%| F|  |TAMS 0x0000000092200000, 0x0000000092200000| Untracked 
| 291|0x0000000092300000, 0x0000000092300000, 0x0000000092400000|  0%| F|  |TAMS 0x0000000092300000, 0x0000000092300000| Untracked 
| 292|0x0000000092400000, 0x0000000092400000, 0x0000000092500000|  0%| F|  |TAMS 0x0000000092400000, 0x0000000092400000| Untracked 
| 293|0x0000000092500000, 0x0000000092500000, 0x0000000092600000|  0%| F|  |TAMS 0x0000000092500000, 0x0000000092500000| Untracked 
| 294|0x0000000092600000, 0x0000000092600000, 0x0000000092700000|  0%| F|  |TAMS 0x0000000092600000, 0x0000000092600000| Untracked 
| 295|0x0000000092700000, 0x0000000092700000, 0x0000000092800000|  0%| F|  |TAMS 0x0000000092700000, 0x0000000092700000| Untracked 
| 296|0x0000000092800000, 0x0000000092800000, 0x0000000092900000|  0%| F|  |TAMS 0x0000000092800000, 0x0000000092800000| Untracked 
| 297|0x0000000092900000, 0x0000000092900000, 0x0000000092a00000|  0%| F|  |TAMS 0x0000000092900000, 0x0000000092900000| Untracked 
| 298|0x0000000092a00000, 0x0000000092a00000, 0x0000000092b00000|  0%| F|  |TAMS 0x0000000092a00000, 0x0000000092a00000| Untracked 
| 299|0x0000000092b00000, 0x0000000092b00000, 0x0000000092c00000|  0%| F|  |TAMS 0x0000000092b00000, 0x0000000092b00000| Untracked 
| 300|0x0000000092c00000, 0x0000000092c00000, 0x0000000092d00000|  0%| F|  |TAMS 0x0000000092c00000, 0x0000000092c00000| Untracked 
| 301|0x0000000092d00000, 0x0000000092d00000, 0x0000000092e00000|  0%| F|  |TAMS 0x0000000092d00000, 0x0000000092d00000| Untracked 
| 302|0x0000000092e00000, 0x0000000092e00000, 0x0000000092f00000|  0%| F|  |TAMS 0x0000000092e00000, 0x0000000092e00000| Untracked 
| 303|0x0000000092f00000, 0x0000000092f00000, 0x0000000093000000|  0%| F|  |TAMS 0x0000000092f00000, 0x0000000092f00000| Untracked 
| 304|0x0000000093000000, 0x0000000093000000, 0x0000000093100000|  0%| F|  |TAMS 0x0000000093000000, 0x0000000093000000| Untracked 
| 305|0x0000000093100000, 0x0000000093100000, 0x0000000093200000|  0%| F|  |TAMS 0x0000000093100000, 0x0000000093100000| Untracked 
| 306|0x0000000093200000, 0x0000000093200000, 0x0000000093300000|  0%| F|  |TAMS 0x0000000093200000, 0x0000000093200000| Untracked 
| 307|0x0000000093300000, 0x0000000093300000, 0x0000000093400000|  0%| F|  |TAMS 0x0000000093300000, 0x0000000093300000| Untracked 
| 308|0x0000000093400000, 0x0000000093400000, 0x0000000093500000|  0%| F|  |TAMS 0x0000000093400000, 0x0000000093400000| Untracked 
| 309|0x0000000093500000, 0x0000000093500000, 0x0000000093600000|  0%| F|  |TAMS 0x0000000093500000, 0x0000000093500000| Untracked 
| 310|0x0000000093600000, 0x0000000093600000, 0x0000000093700000|  0%| F|  |TAMS 0x0000000093600000, 0x0000000093600000| Untracked 
| 311|0x0000000093700000, 0x0000000093700000, 0x0000000093800000|  0%| F|  |TAMS 0x0000000093700000, 0x0000000093700000| Untracked 
| 312|0x0000000093800000, 0x0000000093800000, 0x0000000093900000|  0%| F|  |TAMS 0x0000000093800000, 0x0000000093800000| Untracked 
| 313|0x0000000093900000, 0x0000000093900000, 0x0000000093a00000|  0%| F|  |TAMS 0x0000000093900000, 0x0000000093900000| Untracked 
| 314|0x0000000093a00000, 0x0000000093a00000, 0x0000000093b00000|  0%| F|  |TAMS 0x0000000093a00000, 0x0000000093a00000| Untracked 
| 315|0x0000000093b00000, 0x0000000093b00000, 0x0000000093c00000|  0%| F|  |TAMS 0x0000000093b00000, 0x0000000093b00000| Untracked 
| 316|0x0000000093c00000, 0x0000000093c00000, 0x0000000093d00000|  0%| F|  |TAMS 0x0000000093c00000, 0x0000000093c00000| Untracked 
| 317|0x0000000093d00000, 0x0000000093d00000, 0x0000000093e00000|  0%| F|  |TAMS 0x0000000093d00000, 0x0000000093d00000| Untracked 
| 318|0x0000000093e00000, 0x0000000093e00000, 0x0000000093f00000|  0%| F|  |TAMS 0x0000000093e00000, 0x0000000093e00000| Untracked 
| 319|0x0000000093f00000, 0x0000000093f00000, 0x0000000094000000|  0%| F|  |TAMS 0x0000000093f00000, 0x0000000093f00000| Untracked 
| 320|0x0000000094000000, 0x0000000094000000, 0x0000000094100000|  0%| F|  |TAMS 0x0000000094000000, 0x0000000094000000| Untracked 
| 321|0x0000000094100000, 0x0000000094100000, 0x0000000094200000|  0%| F|  |TAMS 0x0000000094100000, 0x0000000094100000| Untracked 
| 322|0x0000000094200000, 0x0000000094200000, 0x0000000094300000|  0%| F|  |TAMS 0x0000000094200000, 0x0000000094200000| Untracked 
| 323|0x0000000094300000, 0x0000000094300000, 0x0000000094400000|  0%| F|  |TAMS 0x0000000094300000, 0x0000000094300000| Untracked 
| 324|0x0000000094400000, 0x0000000094400000, 0x0000000094500000|  0%| F|  |TAMS 0x0000000094400000, 0x0000000094400000| Untracked 
| 325|0x0000000094500000, 0x0000000094500000, 0x0000000094600000|  0%| F|  |TAMS 0x0000000094500000, 0x0000000094500000| Untracked 
| 326|0x0000000094600000, 0x0000000094600000, 0x0000000094700000|  0%| F|  |TAMS 0x0000000094600000, 0x0000000094600000| Untracked 
| 327|0x0000000094700000, 0x0000000094700000, 0x0000000094800000|  0%| F|  |TAMS 0x0000000094700000, 0x0000000094700000| Untracked 
| 328|0x0000000094800000, 0x0000000094800000, 0x0000000094900000|  0%| F|  |TAMS 0x0000000094800000, 0x0000000094800000| Untracked 
| 329|0x0000000094900000, 0x0000000094900000, 0x0000000094a00000|  0%| F|  |TAMS 0x0000000094900000, 0x0000000094900000| Untracked 
| 330|0x0000000094a00000, 0x0000000094a00000, 0x0000000094b00000|  0%| F|  |TAMS 0x0000000094a00000, 0x0000000094a00000| Untracked 
| 331|0x0000000094b00000, 0x0000000094b00000, 0x0000000094c00000|  0%| F|  |TAMS 0x0000000094b00000, 0x0000000094b00000| Untracked 
| 332|0x0000000094c00000, 0x0000000094c00000, 0x0000000094d00000|  0%| F|  |TAMS 0x0000000094c00000, 0x0000000094c00000| Untracked 
| 333|0x0000000094d00000, 0x0000000094d00000, 0x0000000094e00000|  0%| F|  |TAMS 0x0000000094d00000, 0x0000000094d00000| Untracked 
| 334|0x0000000094e00000, 0x0000000094e00000, 0x0000000094f00000|  0%| F|  |TAMS 0x0000000094e00000, 0x0000000094e00000| Untracked 
| 335|0x0000000094f00000, 0x0000000094f00000, 0x0000000095000000|  0%| F|  |TAMS 0x0000000094f00000, 0x0000000094f00000| Untracked 
| 336|0x0000000095000000, 0x0000000095000000, 0x0000000095100000|  0%| F|  |TAMS 0x0000000095000000, 0x0000000095000000| Untracked 
| 337|0x0000000095100000, 0x0000000095100000, 0x0000000095200000|  0%| F|  |TAMS 0x0000000095100000, 0x0000000095100000| Untracked 
| 338|0x0000000095200000, 0x0000000095200000, 0x0000000095300000|  0%| F|  |TAMS 0x0000000095200000, 0x0000000095200000| Untracked 
| 339|0x0000000095300000, 0x0000000095300000, 0x0000000095400000|  0%| F|  |TAMS 0x0000000095300000, 0x0000000095300000| Untracked 
| 340|0x0000000095400000, 0x0000000095400000, 0x0000000095500000|  0%| F|  |TAMS 0x0000000095400000, 0x0000000095400000| Untracked 
| 341|0x0000000095500000, 0x0000000095500000, 0x0000000095600000|  0%| F|  |TAMS 0x0000000095500000, 0x0000000095500000| Untracked 
| 342|0x0000000095600000, 0x0000000095600000, 0x0000000095700000|  0%| F|  |TAMS 0x0000000095600000, 0x0000000095600000| Untracked 
| 343|0x0000000095700000, 0x0000000095700000, 0x0000000095800000|  0%| F|  |TAMS 0x0000000095700000, 0x0000000095700000| Untracked 
| 344|0x0000000095800000, 0x0000000095800000, 0x0000000095900000|  0%| F|  |TAMS 0x0000000095800000, 0x0000000095800000| Untracked 
| 345|0x0000000095900000, 0x0000000095900000, 0x0000000095a00000|  0%| F|  |TAMS 0x0000000095900000, 0x0000000095900000| Untracked 
| 346|0x0000000095a00000, 0x0000000095a00000, 0x0000000095b00000|  0%| F|  |TAMS 0x0000000095a00000, 0x0000000095a00000| Untracked 
| 347|0x0000000095b00000, 0x0000000095b00000, 0x0000000095c00000|  0%| F|  |TAMS 0x0000000095b00000, 0x0000000095b00000| Untracked 
| 348|0x0000000095c00000, 0x0000000095c00000, 0x0000000095d00000|  0%| F|  |TAMS 0x0000000095c00000, 0x0000000095c00000| Untracked 
| 349|0x0000000095d00000, 0x0000000095d00000, 0x0000000095e00000|  0%| F|  |TAMS 0x0000000095d00000, 0x0000000095d00000| Untracked 
| 350|0x0000000095e00000, 0x0000000095e00000, 0x0000000095f00000|  0%| F|  |TAMS 0x0000000095e00000, 0x0000000095e00000| Untracked 
| 351|0x0000000095f00000, 0x0000000095f00000, 0x0000000096000000|  0%| F|  |TAMS 0x0000000095f00000, 0x0000000095f00000| Untracked 
| 352|0x0000000096000000, 0x0000000096000000, 0x0000000096100000|  0%| F|  |TAMS 0x0000000096000000, 0x0000000096000000| Untracked 
| 353|0x0000000096100000, 0x0000000096100000, 0x0000000096200000|  0%| F|  |TAMS 0x0000000096100000, 0x0000000096100000| Untracked 
| 354|0x0000000096200000, 0x0000000096200000, 0x0000000096300000|  0%| F|  |TAMS 0x0000000096200000, 0x0000000096200000| Untracked 
| 355|0x0000000096300000, 0x0000000096300000, 0x0000000096400000|  0%| F|  |TAMS 0x0000000096300000, 0x0000000096300000| Untracked 
| 356|0x0000000096400000, 0x0000000096400000, 0x0000000096500000|  0%| F|  |TAMS 0x0000000096400000, 0x0000000096400000| Untracked 
| 357|0x0000000096500000, 0x0000000096500000, 0x0000000096600000|  0%| F|  |TAMS 0x0000000096500000, 0x0000000096500000| Untracked 
| 358|0x0000000096600000, 0x0000000096600000, 0x0000000096700000|  0%| F|  |TAMS 0x0000000096600000, 0x0000000096600000| Untracked 
| 359|0x0000000096700000, 0x0000000096700000, 0x0000000096800000|  0%| F|  |TAMS 0x0000000096700000, 0x0000000096700000| Untracked 
| 360|0x0000000096800000, 0x0000000096800000, 0x0000000096900000|  0%| F|  |TAMS 0x0000000096800000, 0x0000000096800000| Untracked 
| 361|0x0000000096900000, 0x0000000096900000, 0x0000000096a00000|  0%| F|  |TAMS 0x0000000096900000, 0x0000000096900000| Untracked 
| 362|0x0000000096a00000, 0x0000000096a00000, 0x0000000096b00000|  0%| F|  |TAMS 0x0000000096a00000, 0x0000000096a00000| Untracked 
| 363|0x0000000096b00000, 0x0000000096b00000, 0x0000000096c00000|  0%| F|  |TAMS 0x0000000096b00000, 0x0000000096b00000| Untracked 
| 364|0x0000000096c00000, 0x0000000096c00000, 0x0000000096d00000|  0%| F|  |TAMS 0x0000000096c00000, 0x0000000096c00000| Untracked 
| 365|0x0000000096d00000, 0x0000000096d00000, 0x0000000096e00000|  0%| F|  |TAMS 0x0000000096d00000, 0x0000000096d00000| Untracked 
| 366|0x0000000096e00000, 0x0000000096e00000, 0x0000000096f00000|  0%| F|  |TAMS 0x0000000096e00000, 0x0000000096e00000| Untracked 
| 367|0x0000000096f00000, 0x0000000096f00000, 0x0000000097000000|  0%| F|  |TAMS 0x0000000096f00000, 0x0000000096f00000| Untracked 
| 368|0x0000000097000000, 0x0000000097000000, 0x0000000097100000|  0%| F|  |TAMS 0x0000000097000000, 0x0000000097000000| Untracked 
| 369|0x0000000097100000, 0x0000000097100000, 0x0000000097200000|  0%| F|  |TAMS 0x0000000097100000, 0x0000000097100000| Untracked 
| 370|0x0000000097200000, 0x0000000097200000, 0x0000000097300000|  0%| F|  |TAMS 0x0000000097200000, 0x0000000097200000| Untracked 
| 371|0x0000000097300000, 0x0000000097300000, 0x0000000097400000|  0%| F|  |TAMS 0x0000000097300000, 0x0000000097300000| Untracked 
| 372|0x0000000097400000, 0x0000000097400000, 0x0000000097500000|  0%| F|  |TAMS 0x0000000097400000, 0x0000000097400000| Untracked 
| 373|0x0000000097500000, 0x0000000097500000, 0x0000000097600000|  0%| F|  |TAMS 0x0000000097500000, 0x0000000097500000| Untracked 
| 374|0x0000000097600000, 0x0000000097600000, 0x0000000097700000|  0%| F|  |TAMS 0x0000000097600000, 0x0000000097600000| Untracked 
| 375|0x0000000097700000, 0x0000000097700000, 0x0000000097800000|  0%| F|  |TAMS 0x0000000097700000, 0x0000000097700000| Untracked 
| 376|0x0000000097800000, 0x0000000097800000, 0x0000000097900000|  0%| F|  |TAMS 0x0000000097800000, 0x0000000097800000| Untracked 
| 377|0x0000000097900000, 0x0000000097900000, 0x0000000097a00000|  0%| F|  |TAMS 0x0000000097900000, 0x0000000097900000| Untracked 
| 378|0x0000000097a00000, 0x0000000097a00000, 0x0000000097b00000|  0%| F|  |TAMS 0x0000000097a00000, 0x0000000097a00000| Untracked 
| 379|0x0000000097b00000, 0x0000000097b00000, 0x0000000097c00000|  0%| F|  |TAMS 0x0000000097b00000, 0x0000000097b00000| Untracked 
| 380|0x0000000097c00000, 0x0000000097c00000, 0x0000000097d00000|  0%| F|  |TAMS 0x0000000097c00000, 0x0000000097c00000| Untracked 
| 381|0x0000000097d00000, 0x0000000097d00000, 0x0000000097e00000|  0%| F|  |TAMS 0x0000000097d00000, 0x0000000097d00000| Untracked 
| 382|0x0000000097e00000, 0x0000000097e00000, 0x0000000097f00000|  0%| F|  |TAMS 0x0000000097e00000, 0x0000000097e00000| Untracked 
| 383|0x0000000097f00000, 0x0000000097f00000, 0x0000000098000000|  0%| F|  |TAMS 0x0000000097f00000, 0x0000000097f00000| Untracked 
| 384|0x0000000098000000, 0x0000000098000000, 0x0000000098100000|  0%| F|  |TAMS 0x0000000098000000, 0x0000000098000000| Untracked 
| 385|0x0000000098100000, 0x0000000098100000, 0x0000000098200000|  0%| F|  |TAMS 0x0000000098100000, 0x0000000098100000| Untracked 
| 386|0x0000000098200000, 0x0000000098200000, 0x0000000098300000|  0%| F|  |TAMS 0x0000000098200000, 0x0000000098200000| Untracked 
| 387|0x0000000098300000, 0x0000000098300000, 0x0000000098400000|  0%| F|  |TAMS 0x0000000098300000, 0x0000000098300000| Untracked 
| 388|0x0000000098400000, 0x0000000098400000, 0x0000000098500000|  0%| F|  |TAMS 0x0000000098400000, 0x0000000098400000| Untracked 
| 389|0x0000000098500000, 0x0000000098500000, 0x0000000098600000|  0%| F|  |TAMS 0x0000000098500000, 0x0000000098500000| Untracked 
| 390|0x0000000098600000, 0x0000000098600000, 0x0000000098700000|  0%| F|  |TAMS 0x0000000098600000, 0x0000000098600000| Untracked 
| 391|0x0000000098700000, 0x0000000098700000, 0x0000000098800000|  0%| F|  |TAMS 0x0000000098700000, 0x0000000098700000| Untracked 
| 392|0x0000000098800000, 0x0000000098800000, 0x0000000098900000|  0%| F|  |TAMS 0x0000000098800000, 0x0000000098800000| Untracked 
| 393|0x0000000098900000, 0x0000000098900000, 0x0000000098a00000|  0%| F|  |TAMS 0x0000000098900000, 0x0000000098900000| Untracked 
| 394|0x0000000098a00000, 0x0000000098a00000, 0x0000000098b00000|  0%| F|  |TAMS 0x0000000098a00000, 0x0000000098a00000| Untracked 
| 395|0x0000000098b00000, 0x0000000098b00000, 0x0000000098c00000|  0%| F|  |TAMS 0x0000000098b00000, 0x0000000098b00000| Untracked 
| 396|0x0000000098c00000, 0x0000000098c00000, 0x0000000098d00000|  0%| F|  |TAMS 0x0000000098c00000, 0x0000000098c00000| Untracked 
| 397|0x0000000098d00000, 0x0000000098d00000, 0x0000000098e00000|  0%| F|  |TAMS 0x0000000098d00000, 0x0000000098d00000| Untracked 
| 398|0x0000000098e00000, 0x0000000098e00000, 0x0000000098f00000|  0%| F|  |TAMS 0x0000000098e00000, 0x0000000098e00000| Untracked 
| 399|0x0000000098f00000, 0x0000000098f00000, 0x0000000099000000|  0%| F|  |TAMS 0x0000000098f00000, 0x0000000098f00000| Untracked 
| 400|0x0000000099000000, 0x0000000099000000, 0x0000000099100000|  0%| F|  |TAMS 0x0000000099000000, 0x0000000099000000| Untracked 
| 401|0x0000000099100000, 0x0000000099100000, 0x0000000099200000|  0%| F|  |TAMS 0x0000000099100000, 0x0000000099100000| Untracked 
| 402|0x0000000099200000, 0x0000000099200000, 0x0000000099300000|  0%| F|  |TAMS 0x0000000099200000, 0x0000000099200000| Untracked 
| 403|0x0000000099300000, 0x0000000099300000, 0x0000000099400000|  0%| F|  |TAMS 0x0000000099300000, 0x0000000099300000| Untracked 
| 404|0x0000000099400000, 0x0000000099400000, 0x0000000099500000|  0%| F|  |TAMS 0x0000000099400000, 0x0000000099400000| Untracked 
| 405|0x0000000099500000, 0x0000000099500000, 0x0000000099600000|  0%| F|  |TAMS 0x0000000099500000, 0x0000000099500000| Untracked 
| 406|0x0000000099600000, 0x0000000099600000, 0x0000000099700000|  0%| F|  |TAMS 0x0000000099600000, 0x0000000099600000| Untracked 
| 407|0x0000000099700000, 0x0000000099700000, 0x0000000099800000|  0%| F|  |TAMS 0x0000000099700000, 0x0000000099700000| Untracked 
| 408|0x0000000099800000, 0x0000000099800000, 0x0000000099900000|  0%| F|  |TAMS 0x0000000099800000, 0x0000000099800000| Untracked 
| 409|0x0000000099900000, 0x0000000099900000, 0x0000000099a00000|  0%| F|  |TAMS 0x0000000099900000, 0x0000000099900000| Untracked 
| 410|0x0000000099a00000, 0x0000000099a00000, 0x0000000099b00000|  0%| F|  |TAMS 0x0000000099a00000, 0x0000000099a00000| Untracked 
| 411|0x0000000099b00000, 0x0000000099b00000, 0x0000000099c00000|  0%| F|  |TAMS 0x0000000099b00000, 0x0000000099b00000| Untracked 
| 412|0x0000000099c00000, 0x0000000099c00000, 0x0000000099d00000|  0%| F|  |TAMS 0x0000000099c00000, 0x0000000099c00000| Untracked 
| 413|0x0000000099d00000, 0x0000000099d00000, 0x0000000099e00000|  0%| F|  |TAMS 0x0000000099d00000, 0x0000000099d00000| Untracked 
| 414|0x0000000099e00000, 0x0000000099e00000, 0x0000000099f00000|  0%| F|  |TAMS 0x0000000099e00000, 0x0000000099e00000| Untracked 
| 415|0x0000000099f00000, 0x0000000099f00000, 0x000000009a000000|  0%| F|  |TAMS 0x0000000099f00000, 0x0000000099f00000| Untracked 
| 416|0x000000009a000000, 0x000000009a000000, 0x000000009a100000|  0%| F|  |TAMS 0x000000009a000000, 0x000000009a000000| Untracked 
| 417|0x000000009a100000, 0x000000009a100000, 0x000000009a200000|  0%| F|  |TAMS 0x000000009a100000, 0x000000009a100000| Untracked 
| 418|0x000000009a200000, 0x000000009a200000, 0x000000009a300000|  0%| F|  |TAMS 0x000000009a200000, 0x000000009a200000| Untracked 
| 419|0x000000009a300000, 0x000000009a300000, 0x000000009a400000|  0%| F|  |TAMS 0x000000009a300000, 0x000000009a300000| Untracked 
| 420|0x000000009a400000, 0x000000009a400000, 0x000000009a500000|  0%| F|  |TAMS 0x000000009a400000, 0x000000009a400000| Untracked 
| 421|0x000000009a500000, 0x000000009a500000, 0x000000009a600000|  0%| F|  |TAMS 0x000000009a500000, 0x000000009a500000| Untracked 
| 422|0x000000009a600000, 0x000000009a600000, 0x000000009a700000|  0%| F|  |TAMS 0x000000009a600000, 0x000000009a600000| Untracked 
| 423|0x000000009a700000, 0x000000009a700000, 0x000000009a800000|  0%| F|  |TAMS 0x000000009a700000, 0x000000009a700000| Untracked 
| 424|0x000000009a800000, 0x000000009a800000, 0x000000009a900000|  0%| F|  |TAMS 0x000000009a800000, 0x000000009a800000| Untracked 
| 425|0x000000009a900000, 0x000000009a900000, 0x000000009aa00000|  0%| F|  |TAMS 0x000000009a900000, 0x000000009a900000| Untracked 
| 426|0x000000009aa00000, 0x000000009aa00000, 0x000000009ab00000|  0%| F|  |TAMS 0x000000009aa00000, 0x000000009aa00000| Untracked 
| 427|0x000000009ab00000, 0x000000009ab00000, 0x000000009ac00000|  0%| F|  |TAMS 0x000000009ab00000, 0x000000009ab00000| Untracked 
| 428|0x000000009ac00000, 0x000000009ac00000, 0x000000009ad00000|  0%| F|  |TAMS 0x000000009ac00000, 0x000000009ac00000| Untracked 
| 429|0x000000009ad00000, 0x000000009ad00000, 0x000000009ae00000|  0%| F|  |TAMS 0x000000009ad00000, 0x000000009ad00000| Untracked 
| 430|0x000000009ae00000, 0x000000009ae00000, 0x000000009af00000|  0%| F|  |TAMS 0x000000009ae00000, 0x000000009ae00000| Untracked 
| 431|0x000000009af00000, 0x000000009af00000, 0x000000009b000000|  0%| F|  |TAMS 0x000000009af00000, 0x000000009af00000| Untracked 
| 432|0x000000009b000000, 0x000000009b000000, 0x000000009b100000|  0%| F|  |TAMS 0x000000009b000000, 0x000000009b000000| Untracked 
| 433|0x000000009b100000, 0x000000009b100000, 0x000000009b200000|  0%| F|  |TAMS 0x000000009b100000, 0x000000009b100000| Untracked 
| 434|0x000000009b200000, 0x000000009b200000, 0x000000009b300000|  0%| F|  |TAMS 0x000000009b200000, 0x000000009b200000| Untracked 
| 435|0x000000009b300000, 0x000000009b300000, 0x000000009b400000|  0%| F|  |TAMS 0x000000009b300000, 0x000000009b300000| Untracked 
| 436|0x000000009b400000, 0x000000009b4531e0, 0x000000009b500000| 32%| S|CS|TAMS 0x000000009b400000, 0x000000009b400000| Complete 
| 437|0x000000009b500000, 0x000000009b600000, 0x000000009b600000|100%| S|CS|TAMS 0x000000009b500000, 0x000000009b500000| Complete 
| 438|0x000000009b600000, 0x000000009b700000, 0x000000009b700000|100%| S|CS|TAMS 0x000000009b600000, 0x000000009b600000| Complete 
| 439|0x000000009b700000, 0x000000009b700000, 0x000000009b800000|  0%| F|  |TAMS 0x000000009b700000, 0x000000009b700000| Untracked 
| 440|0x000000009b800000, 0x000000009b800000, 0x000000009b900000|  0%| F|  |TAMS 0x000000009b800000, 0x000000009b800000| Untracked 
| 441|0x000000009b900000, 0x000000009b900000, 0x000000009ba00000|  0%| F|  |TAMS 0x000000009b900000, 0x000000009b900000| Untracked 
| 442|0x000000009ba00000, 0x000000009ba00000, 0x000000009bb00000|  0%| F|  |TAMS 0x000000009ba00000, 0x000000009ba00000| Untracked 
| 443|0x000000009bb00000, 0x000000009bb00000, 0x000000009bc00000|  0%| F|  |TAMS 0x000000009bb00000, 0x000000009bb00000| Untracked 
| 444|0x000000009bc00000, 0x000000009bc00000, 0x000000009bd00000|  0%| F|  |TAMS 0x000000009bc00000, 0x000000009bc00000| Untracked 
| 445|0x000000009bd00000, 0x000000009bd00000, 0x000000009be00000|  0%| F|  |TAMS 0x000000009bd00000, 0x000000009bd00000| Untracked 
| 446|0x000000009be00000, 0x000000009be00000, 0x000000009bf00000|  0%| F|  |TAMS 0x000000009be00000, 0x000000009be00000| Untracked 
| 447|0x000000009bf00000, 0x000000009bf00000, 0x000000009c000000|  0%| F|  |TAMS 0x000000009bf00000, 0x000000009bf00000| Untracked 
| 448|0x000000009c000000, 0x000000009c000000, 0x000000009c100000|  0%| F|  |TAMS 0x000000009c000000, 0x000000009c000000| Untracked 
| 449|0x000000009c100000, 0x000000009c100000, 0x000000009c200000|  0%| F|  |TAMS 0x000000009c100000, 0x000000009c100000| Untracked 
| 450|0x000000009c200000, 0x000000009c200000, 0x000000009c300000|  0%| F|  |TAMS 0x000000009c200000, 0x000000009c200000| Untracked 
| 451|0x000000009c300000, 0x000000009c300000, 0x000000009c400000|  0%| F|  |TAMS 0x000000009c300000, 0x000000009c300000| Untracked 
| 452|0x000000009c400000, 0x000000009c400000, 0x000000009c500000|  0%| F|  |TAMS 0x000000009c400000, 0x000000009c400000| Untracked 
| 453|0x000000009c500000, 0x000000009c500000, 0x000000009c600000|  0%| F|  |TAMS 0x000000009c500000, 0x000000009c500000| Untracked 
| 454|0x000000009c600000, 0x000000009c600000, 0x000000009c700000|  0%| F|  |TAMS 0x000000009c600000, 0x000000009c600000| Untracked 
| 455|0x000000009c700000, 0x000000009c700000, 0x000000009c800000|  0%| F|  |TAMS 0x000000009c700000, 0x000000009c700000| Untracked 
| 456|0x000000009c800000, 0x000000009c800000, 0x000000009c900000|  0%| F|  |TAMS 0x000000009c800000, 0x000000009c800000| Untracked 
| 457|0x000000009c900000, 0x000000009c900000, 0x000000009ca00000|  0%| F|  |TAMS 0x000000009c900000, 0x000000009c900000| Untracked 
| 458|0x000000009ca00000, 0x000000009ca00000, 0x000000009cb00000|  0%| F|  |TAMS 0x000000009ca00000, 0x000000009ca00000| Untracked 
| 459|0x000000009cb00000, 0x000000009cb00000, 0x000000009cc00000|  0%| F|  |TAMS 0x000000009cb00000, 0x000000009cb00000| Untracked 
| 460|0x000000009cc00000, 0x000000009cc00000, 0x000000009cd00000|  0%| F|  |TAMS 0x000000009cc00000, 0x000000009cc00000| Untracked 
| 461|0x000000009cd00000, 0x000000009cd00000, 0x000000009ce00000|  0%| F|  |TAMS 0x000000009cd00000, 0x000000009cd00000| Untracked 
| 462|0x000000009ce00000, 0x000000009ce00000, 0x000000009cf00000|  0%| F|  |TAMS 0x000000009ce00000, 0x000000009ce00000| Untracked 
| 463|0x000000009cf00000, 0x000000009cf00000, 0x000000009d000000|  0%| F|  |TAMS 0x000000009cf00000, 0x000000009cf00000| Untracked 
| 464|0x000000009d000000, 0x000000009d000000, 0x000000009d100000|  0%| F|  |TAMS 0x000000009d000000, 0x000000009d000000| Untracked 
| 465|0x000000009d100000, 0x000000009d100000, 0x000000009d200000|  0%| F|  |TAMS 0x000000009d100000, 0x000000009d100000| Untracked 
| 466|0x000000009d200000, 0x000000009d200000, 0x000000009d300000|  0%| F|  |TAMS 0x000000009d200000, 0x000000009d200000| Untracked 
| 467|0x000000009d300000, 0x000000009d300000, 0x000000009d400000|  0%| F|  |TAMS 0x000000009d300000, 0x000000009d300000| Untracked 
| 468|0x000000009d400000, 0x000000009d400000, 0x000000009d500000|  0%| F|  |TAMS 0x000000009d400000, 0x000000009d400000| Untracked 
| 469|0x000000009d500000, 0x000000009d500000, 0x000000009d600000|  0%| F|  |TAMS 0x000000009d500000, 0x000000009d500000| Untracked 
| 470|0x000000009d600000, 0x000000009d600000, 0x000000009d700000|  0%| F|  |TAMS 0x000000009d600000, 0x000000009d600000| Untracked 
| 471|0x000000009d700000, 0x000000009d700000, 0x000000009d800000|  0%| F|  |TAMS 0x000000009d700000, 0x000000009d700000| Untracked 
| 472|0x000000009d800000, 0x000000009d800000, 0x000000009d900000|  0%| F|  |TAMS 0x000000009d800000, 0x000000009d800000| Untracked 
| 473|0x000000009d900000, 0x000000009d900000, 0x000000009da00000|  0%| F|  |TAMS 0x000000009d900000, 0x000000009d900000| Untracked 
| 474|0x000000009da00000, 0x000000009da00000, 0x000000009db00000|  0%| F|  |TAMS 0x000000009da00000, 0x000000009da00000| Untracked 
| 475|0x000000009db00000, 0x000000009db00000, 0x000000009dc00000|  0%| F|  |TAMS 0x000000009db00000, 0x000000009db00000| Untracked 
| 476|0x000000009dc00000, 0x000000009dc00000, 0x000000009dd00000|  0%| F|  |TAMS 0x000000009dc00000, 0x000000009dc00000| Untracked 
| 477|0x000000009dd00000, 0x000000009dd00000, 0x000000009de00000|  0%| F|  |TAMS 0x000000009dd00000, 0x000000009dd00000| Untracked 
| 478|0x000000009de00000, 0x000000009de00000, 0x000000009df00000|  0%| F|  |TAMS 0x000000009de00000, 0x000000009de00000| Untracked 
| 479|0x000000009df00000, 0x000000009df00000, 0x000000009e000000|  0%| F|  |TAMS 0x000000009df00000, 0x000000009df00000| Untracked 
| 480|0x000000009e000000, 0x000000009e000000, 0x000000009e100000|  0%| F|  |TAMS 0x000000009e000000, 0x000000009e000000| Untracked 
| 481|0x000000009e100000, 0x000000009e100000, 0x000000009e200000|  0%| F|  |TAMS 0x000000009e100000, 0x000000009e100000| Untracked 
| 482|0x000000009e200000, 0x000000009e200000, 0x000000009e300000|  0%| F|  |TAMS 0x000000009e200000, 0x000000009e200000| Untracked 
| 483|0x000000009e300000, 0x000000009e300000, 0x000000009e400000|  0%| F|  |TAMS 0x000000009e300000, 0x000000009e300000| Untracked 
| 484|0x000000009e400000, 0x000000009e400000, 0x000000009e500000|  0%| F|  |TAMS 0x000000009e400000, 0x000000009e400000| Untracked 
| 485|0x000000009e500000, 0x000000009e500000, 0x000000009e600000|  0%| F|  |TAMS 0x000000009e500000, 0x000000009e500000| Untracked 
| 486|0x000000009e600000, 0x000000009e600000, 0x000000009e700000|  0%| F|  |TAMS 0x000000009e600000, 0x000000009e600000| Untracked 
| 487|0x000000009e700000, 0x000000009e700000, 0x000000009e800000|  0%| F|  |TAMS 0x000000009e700000, 0x000000009e700000| Untracked 
| 488|0x000000009e800000, 0x000000009e800000, 0x000000009e900000|  0%| F|  |TAMS 0x000000009e800000, 0x000000009e800000| Untracked 
| 489|0x000000009e900000, 0x000000009e900000, 0x000000009ea00000|  0%| F|  |TAMS 0x000000009e900000, 0x000000009e900000| Untracked 
| 490|0x000000009ea00000, 0x000000009ea00000, 0x000000009eb00000|  0%| F|  |TAMS 0x000000009ea00000, 0x000000009ea00000| Untracked 
| 491|0x000000009eb00000, 0x000000009eb00000, 0x000000009ec00000|  0%| F|  |TAMS 0x000000009eb00000, 0x000000009eb00000| Untracked 
| 492|0x000000009ec00000, 0x000000009ec00000, 0x000000009ed00000|  0%| F|  |TAMS 0x000000009ec00000, 0x000000009ec00000| Untracked 
| 493|0x000000009ed00000, 0x000000009ed00000, 0x000000009ee00000|  0%| F|  |TAMS 0x000000009ed00000, 0x000000009ed00000| Untracked 
| 494|0x000000009ee00000, 0x000000009ee00000, 0x000000009ef00000|  0%| F|  |TAMS 0x000000009ee00000, 0x000000009ee00000| Untracked 
| 495|0x000000009ef00000, 0x000000009ef00000, 0x000000009f000000|  0%| F|  |TAMS 0x000000009ef00000, 0x000000009ef00000| Untracked 
| 496|0x000000009f000000, 0x000000009f000000, 0x000000009f100000|  0%| F|  |TAMS 0x000000009f000000, 0x000000009f000000| Untracked 
| 497|0x000000009f100000, 0x000000009f100000, 0x000000009f200000|  0%| F|  |TAMS 0x000000009f100000, 0x000000009f100000| Untracked 
| 498|0x000000009f200000, 0x000000009f200000, 0x000000009f300000|  0%| F|  |TAMS 0x000000009f200000, 0x000000009f200000| Untracked 
| 499|0x000000009f300000, 0x000000009f300000, 0x000000009f400000|  0%| F|  |TAMS 0x000000009f300000, 0x000000009f300000| Untracked 
| 500|0x000000009f400000, 0x000000009f400000, 0x000000009f500000|  0%| F|  |TAMS 0x000000009f400000, 0x000000009f400000| Untracked 
| 501|0x000000009f500000, 0x000000009f500000, 0x000000009f600000|  0%| F|  |TAMS 0x000000009f500000, 0x000000009f500000| Untracked 
| 502|0x000000009f600000, 0x000000009f600000, 0x000000009f700000|  0%| F|  |TAMS 0x000000009f600000, 0x000000009f600000| Untracked 
| 503|0x000000009f700000, 0x000000009f700000, 0x000000009f800000|  0%| F|  |TAMS 0x000000009f700000, 0x000000009f700000| Untracked 
| 504|0x000000009f800000, 0x000000009f800000, 0x000000009f900000|  0%| F|  |TAMS 0x000000009f800000, 0x000000009f800000| Untracked 
| 505|0x000000009f900000, 0x000000009f900000, 0x000000009fa00000|  0%| F|  |TAMS 0x000000009f900000, 0x000000009f900000| Untracked 
| 506|0x000000009fa00000, 0x000000009fa00000, 0x000000009fb00000|  0%| F|  |TAMS 0x000000009fa00000, 0x000000009fa00000| Untracked 
| 507|0x000000009fb00000, 0x000000009fb00000, 0x000000009fc00000|  0%| F|  |TAMS 0x000000009fb00000, 0x000000009fb00000| Untracked 
| 508|0x000000009fc00000, 0x000000009fc00000, 0x000000009fd00000|  0%| F|  |TAMS 0x000000009fc00000, 0x000000009fc00000| Untracked 
| 509|0x000000009fd00000, 0x000000009fd00000, 0x000000009fe00000|  0%| F|  |TAMS 0x000000009fd00000, 0x000000009fd00000| Untracked 
| 510|0x000000009fe00000, 0x000000009fe00000, 0x000000009ff00000|  0%| F|  |TAMS 0x000000009fe00000, 0x000000009fe00000| Untracked 
| 511|0x000000009ff00000, 0x000000009ff00000, 0x00000000a0000000|  0%| F|  |TAMS 0x000000009ff00000, 0x000000009ff00000| Untracked 
| 512|0x00000000a0000000, 0x00000000a0000000, 0x00000000a0100000|  0%| F|  |TAMS 0x00000000a0000000, 0x00000000a0000000| Untracked 
| 513|0x00000000a0100000, 0x00000000a0100000, 0x00000000a0200000|  0%| F|  |TAMS 0x00000000a0100000, 0x00000000a0100000| Untracked 
| 514|0x00000000a0200000, 0x00000000a0200000, 0x00000000a0300000|  0%| F|  |TAMS 0x00000000a0200000, 0x00000000a0200000| Untracked 
| 515|0x00000000a0300000, 0x00000000a0300000, 0x00000000a0400000|  0%| F|  |TAMS 0x00000000a0300000, 0x00000000a0300000| Untracked 
| 516|0x00000000a0400000, 0x00000000a0400000, 0x00000000a0500000|  0%| F|  |TAMS 0x00000000a0400000, 0x00000000a0400000| Untracked 
| 517|0x00000000a0500000, 0x00000000a0500000, 0x00000000a0600000|  0%| F|  |TAMS 0x00000000a0500000, 0x00000000a0500000| Untracked 
| 518|0x00000000a0600000, 0x00000000a0600000, 0x00000000a0700000|  0%| F|  |TAMS 0x00000000a0600000, 0x00000000a0600000| Untracked 
| 519|0x00000000a0700000, 0x00000000a0700000, 0x00000000a0800000|  0%| F|  |TAMS 0x00000000a0700000, 0x00000000a0700000| Untracked 
| 520|0x00000000a0800000, 0x00000000a0800000, 0x00000000a0900000|  0%| F|  |TAMS 0x00000000a0800000, 0x00000000a0800000| Untracked 
| 521|0x00000000a0900000, 0x00000000a0900000, 0x00000000a0a00000|  0%| F|  |TAMS 0x00000000a0900000, 0x00000000a0900000| Untracked 
| 522|0x00000000a0a00000, 0x00000000a0a00000, 0x00000000a0b00000|  0%| F|  |TAMS 0x00000000a0a00000, 0x00000000a0a00000| Untracked 
| 523|0x00000000a0b00000, 0x00000000a0b00000, 0x00000000a0c00000|  0%| F|  |TAMS 0x00000000a0b00000, 0x00000000a0b00000| Untracked 
| 524|0x00000000a0c00000, 0x00000000a0c00000, 0x00000000a0d00000|  0%| F|  |TAMS 0x00000000a0c00000, 0x00000000a0c00000| Untracked 
| 525|0x00000000a0d00000, 0x00000000a0d00000, 0x00000000a0e00000|  0%| F|  |TAMS 0x00000000a0d00000, 0x00000000a0d00000| Untracked 
| 526|0x00000000a0e00000, 0x00000000a0e00000, 0x00000000a0f00000|  0%| F|  |TAMS 0x00000000a0e00000, 0x00000000a0e00000| Untracked 
| 527|0x00000000a0f00000, 0x00000000a0f00000, 0x00000000a1000000|  0%| F|  |TAMS 0x00000000a0f00000, 0x00000000a0f00000| Untracked 
| 528|0x00000000a1000000, 0x00000000a1000000, 0x00000000a1100000|  0%| F|  |TAMS 0x00000000a1000000, 0x00000000a1000000| Untracked 
| 529|0x00000000a1100000, 0x00000000a1100000, 0x00000000a1200000|  0%| F|  |TAMS 0x00000000a1100000, 0x00000000a1100000| Untracked 

Card table byte_map: [0x0000024cf6e30000,0x0000024cf7230000] _byte_map_base: 0x0000024cf6a30000

Marking Bits (Prev, Next): (CMBitMap*) 0x0000024ce45be540, (CMBitMap*) 0x0000024ce45be580
 Prev Bits: [0x0000024cf7630000, 0x0000024cf9630000)
 Next Bits: [0x0000024cf9630000, 0x0000024cfb630000)

Polling page: 0x0000024ce2570000

Metaspace:

Usage:
  Non-class:     98.88 MB used.
      Class:     15.55 MB used.
       Both:    114.43 MB used.

Virtual space:
  Non-class space:      104.00 MB reserved,      99.25 MB ( 95%) committed,  13 nodes.
      Class space:        1.00 GB reserved,      15.88 MB (  2%) committed,  1 nodes.
             Both:        1.10 GB reserved,     115.12 MB ( 10%) committed. 

Chunk freelists:
   Non-Class:  526.00 KB
       Class:  144.00 KB
        Both:  670.00 KB

MaxMetaspaceSize: unlimited
CompressedClassSpaceSize: 1.00 GB
Initial GC threshold: 21.00 MB
Current GC threshold: 127.75 MB
CDS: off
MetaspaceReclaimPolicy: balanced
 - commit_granule_bytes: 65536.
 - commit_granule_words: 8192.
 - virtual_space_node_default_size: 1048576.
 - enlarge_chunks_in_place: 1.
 - new_chunks_are_fully_committed: 0.
 - uncommit_free_chunks: 1.
 - use_allocation_guard: 0.
 - handle_deallocations: 1.


Internal statistics:

num_allocs_failed_limit: 6.
num_arena_births: 1064.
num_arena_deaths: 0.
num_vsnodes_births: 14.
num_vsnodes_deaths: 0.
num_space_committed: 1841.
num_space_uncommitted: 0.
num_chunks_returned_to_freelist: 6.
num_chunks_taken_from_freelist: 5515.
num_chunk_merges: 3.
num_chunk_splits: 3666.
num_chunks_enlarged: 2540.
num_purges: 0.
num_inconsistent_stats: 0.

CodeHeap 'non-profiled nmethods': size=120000Kb used=6145Kb max_used=6145Kb free=113854Kb
 bounds [0x0000024cef500000, 0x0000024cefb10000, 0x0000024cf6a30000]
CodeHeap 'profiled nmethods': size=120000Kb used=31658Kb max_used=31658Kb free=88341Kb
 bounds [0x0000024ce7a30000, 0x0000024ce9920000, 0x0000024ceef60000]
CodeHeap 'non-nmethods': size=5760Kb used=2407Kb max_used=2471Kb free=3352Kb
 bounds [0x0000024ceef60000, 0x0000024cef1d0000, 0x0000024cef500000]
 total_blobs=15713 nmethods=14763 adapters=861
 compilation: enabled
              stopped_count=0, restarted_count=0
 full_count=0

Compilation events (20 events):
Event: 60.351 Thread 0x0000024cfdb5da70 nmethod 16765 0x0000024ce9908410 code [0x0000024ce99085c0, 0x0000024ce9908758]
Event: 60.355 Thread 0x0000024cfdb5da70 16770 %     3       com.android.tools.r8.internal.kl::e @ 12 (55 bytes)
Event: 60.359 Thread 0x0000024cfdb5da70 nmethod 16770% 0x0000024ce9908810 code [0x0000024ce9908ac0, 0x0000024ce9909a28]
Event: 60.368 Thread 0x0000024cfdb5da70 16771       2       com.android.tools.r8.ir.optimize.q0$$Lambda$1763/0x0000000100f7b8f8::apply (8 bytes)
Event: 60.368 Thread 0x0000024cfdb5da70 nmethod 16771 0x0000024ce9909f90 code [0x0000024ce990a120, 0x0000024ce990a318]
Event: 60.669 Thread 0x0000024cfdb5da70 16773       2       com.android.tools.r8.internal.o7$$Lambda$1769/0x0000000100f886e8::test (12 bytes)
Event: 60.669 Thread 0x0000024cfdb5da70 nmethod 16773 0x0000024ce990a410 code [0x0000024ce990a5a0, 0x0000024ce990a6f8]
Event: 60.697 Thread 0x0000024cfdb5da70 16774       1       sun.security.provider.DigestBase::engineGetDigestLength (5 bytes)
Event: 60.697 Thread 0x0000024cfdb5da70 nmethod 16774 0x0000024cefafff10 code [0x0000024cefb000a0, 0x0000024cefb00178]
Event: 60.698 Thread 0x0000024cfdb5da70 16775       2       com.android.tools.r8.graph.o0::a (63 bytes)
Event: 60.718 Thread 0x0000024cfdb5da70 nmethod 16775 0x0000024ce990ab10 code [0x0000024ce990ad20, 0x0000024ce990b0a8]
Event: 60.718 Thread 0x0000024cfdb5da70 16776       2       com.android.tools.r8.graph.l2::u0 (35 bytes)
Event: 60.718 Thread 0x0000024cfdb5da70 nmethod 16776 0x0000024ce990b590 code [0x0000024ce990b720, 0x0000024ce990b858]
Event: 60.718 Thread 0x0000024cfdb5da70 16777       2       com.android.tools.r8.internal.FC::<init> (10 bytes)
Event: 60.719 Thread 0x0000024cfdb5da70 nmethod 16777 0x0000024ce990b910 code [0x0000024ce990baa0, 0x0000024ce990bbc8]
Event: 60.719 Thread 0x0000024cfdb5da70 16778 %     3       java.util.HashMap$HashIterator::<init> @ 48 (79 bytes)
Event: 60.725 Thread 0x0000024cfdb5da70 nmethod 16778% 0x0000024ce990bc90 code [0x0000024ce990be40, 0x0000024ce990c2b8]
Event: 60.725 Thread 0x0000024cfdb5da70 16779       2       com.android.tools.r8.internal.MS::c (6 bytes)
Event: 60.726 Thread 0x0000024cfdb5da70 nmethod 16779 0x0000024ce990c410 code [0x0000024ce990c5a0, 0x0000024ce990c6b8]
Event: 60.731 Thread 0x0000024cfdb5da70 16780       2       java.util.TreeSet::addAll (82 bytes)

GC Heap History (20 events):
Event: 46.667 GC heap before
{Heap before GC invocations=45 (full 0):
 garbage-first heap   total 296960K, used 235008K [0x0000000080000000, 0x0000000100000000)
  region size 1024K, 120 young (122880K), 14 survivors (14336K)
 Metaspace       used 107493K, committed 108160K, reserved 1146880K
  class space    used 14634K, committed 14976K, reserved 1048576K
}
Event: 46.713 GC heap after
{Heap after GC invocations=46 (full 0):
 garbage-first heap   total 296960K, used 145920K [0x0000000080000000, 0x0000000100000000)
  region size 1024K, 15 young (15360K), 15 survivors (15360K)
 Metaspace       used 107493K, committed 108160K, reserved 1146880K
  class space    used 14634K, committed 14976K, reserved 1048576K
}
Event: 47.349 GC heap before
{Heap before GC invocations=46 (full 0):
 garbage-first heap   total 296960K, used 231936K [0x0000000080000000, 0x0000000100000000)
  region size 1024K, 100 young (102400K), 15 survivors (15360K)
 Metaspace       used 109019K, committed 109696K, reserved 1146880K
  class space    used 14832K, committed 15168K, reserved 1048576K
}
Event: 47.395 GC heap after
{Heap after GC invocations=47 (full 0):
 garbage-first heap   total 296960K, used 159744K [0x0000000080000000, 0x0000000100000000)
  region size 1024K, 13 young (13312K), 13 survivors (13312K)
 Metaspace       used 109019K, committed 109696K, reserved 1146880K
  class space    used 14832K, committed 15168K, reserved 1048576K
}
Event: 47.811 GC heap before
{Heap before GC invocations=47 (full 0):
 garbage-first heap   total 296960K, used 235520K [0x0000000080000000, 0x0000000100000000)
  region size 1024K, 87 young (89088K), 13 survivors (13312K)
 Metaspace       used 110838K, committed 111488K, reserved 1146880K
  class space    used 15100K, committed 15424K, reserved 1048576K
}
Event: 47.859 GC heap after
{Heap after GC invocations=48 (full 0):
 garbage-first heap   total 542720K, used 172544K [0x0000000080000000, 0x0000000100000000)
  region size 1024K, 11 young (11264K), 11 survivors (11264K)
 Metaspace       used 110838K, committed 111488K, reserved 1146880K
  class space    used 15100K, committed 15424K, reserved 1048576K
}
Event: 51.087 GC heap before
{Heap before GC invocations=48 (full 0):
 garbage-first heap   total 542720K, used 388608K [0x0000000080000000, 0x0000000100000000)
  region size 1024K, 222 young (227328K), 11 survivors (11264K)
 Metaspace       used 115784K, committed 116480K, reserved 1155072K
  class space    used 15784K, committed 16128K, reserved 1048576K
}
Event: 52.209 GC heap after
{Heap after GC invocations=49 (full 0):
 garbage-first heap   total 542720K, used 199168K [0x0000000080000000, 0x0000000100000000)
  region size 1024K, 28 young (28672K), 28 survivors (28672K)
 Metaspace       used 115784K, committed 116480K, reserved 1155072K
  class space    used 15784K, committed 16128K, reserved 1048576K
}
Event: 52.301 GC heap before
{Heap before GC invocations=49 (full 0):
 garbage-first heap   total 542720K, used 200192K [0x0000000080000000, 0x0000000100000000)
  region size 1024K, 29 young (29696K), 28 survivors (28672K)
 Metaspace       used 115785K, committed 116480K, reserved 1155072K
  class space    used 15784K, committed 16128K, reserved 1048576K
}
Event: 53.898 GC heap after
{Heap after GC invocations=50 (full 0):
 garbage-first heap   total 542720K, used 202202K [0x0000000080000000, 0x0000000100000000)
  region size 1024K, 2 young (2048K), 2 survivors (2048K)
 Metaspace       used 115785K, committed 116480K, reserved 1155072K
  class space    used 15784K, committed 16128K, reserved 1048576K
}
Event: 54.241 GC heap before
{Heap before GC invocations=50 (full 0):
 garbage-first heap   total 542720K, used 226778K [0x0000000080000000, 0x0000000100000000)
  region size 1024K, 26 young (26624K), 2 survivors (2048K)
 Metaspace       used 115898K, committed 116608K, reserved 1155072K
  class space    used 15800K, committed 16128K, reserved 1048576K
}
Event: 54.244 GC heap after
{Heap after GC invocations=51 (full 0):
 garbage-first heap   total 542720K, used 201178K [0x0000000080000000, 0x0000000100000000)
  region size 1024K, 1 young (1024K), 1 survivors (1024K)
 Metaspace       used 115898K, committed 116608K, reserved 1155072K
  class space    used 15800K, committed 16128K, reserved 1048576K
}
Event: 54.673 GC heap before
{Heap before GC invocations=51 (full 0):
 garbage-first heap   total 542720K, used 243162K [0x0000000080000000, 0x0000000100000000)
  region size 1024K, 42 young (43008K), 1 survivors (1024K)
 Metaspace       used 116134K, committed 116800K, reserved 1155072K
  class space    used 15817K, committed 16128K, reserved 1048576K
}
Event: 54.678 GC heap after
{Heap after GC invocations=52 (full 0):
 garbage-first heap   total 542720K, used 200730K [0x0000000080000000, 0x0000000100000000)
  region size 1024K, 1 young (1024K), 1 survivors (1024K)
 Metaspace       used 116134K, committed 116800K, reserved 1155072K
  class space    used 15817K, committed 16128K, reserved 1048576K
}
Event: 55.502 GC heap before
{Heap before GC invocations=52 (full 0):
 garbage-first heap   total 542720K, used 294938K [0x0000000080000000, 0x0000000100000000)
  region size 1024K, 93 young (95232K), 1 survivors (1024K)
 Metaspace       used 116721K, committed 117440K, reserved 1155072K
  class space    used 15880K, committed 16256K, reserved 1048576K
}
Event: 55.513 GC heap after
{Heap after GC invocations=53 (full 0):
 garbage-first heap   total 542720K, used 200912K [0x0000000080000000, 0x0000000100000000)
  region size 1024K, 1 young (1024K), 1 survivors (1024K)
 Metaspace       used 116721K, committed 117440K, reserved 1155072K
  class space    used 15880K, committed 16256K, reserved 1048576K
}
Event: 57.992 GC heap before
{Heap before GC invocations=53 (full 0):
 garbage-first heap   total 542720K, used 357584K [0x0000000080000000, 0x0000000100000000)
  region size 1024K, 154 young (157696K), 1 survivors (1024K)
 Metaspace       used 117088K, committed 117824K, reserved 1155072K
  class space    used 15916K, committed 16256K, reserved 1048576K
}
Event: 58.086 GC heap after
{Heap after GC invocations=54 (full 0):
 garbage-first heap   total 542720K, used 201714K [0x0000000080000000, 0x0000000100000000)
  region size 1024K, 2 young (2048K), 2 survivors (2048K)
 Metaspace       used 117088K, committed 117824K, reserved 1155072K
  class space    used 15916K, committed 16256K, reserved 1048576K
}
Event: 59.166 GC heap before
{Heap before GC invocations=54 (full 0):
 garbage-first heap   total 542720K, used 281586K [0x0000000080000000, 0x0000000100000000)
  region size 1024K, 80 young (81920K), 2 survivors (2048K)
 Metaspace       used 117132K, committed 117888K, reserved 1155072K
  class space    used 15919K, committed 16256K, reserved 1048576K
}
Event: 59.346 GC heap after
{Heap after GC invocations=55 (full 0):
 garbage-first heap   total 542720K, used 202005K [0x0000000080000000, 0x0000000100000000)
  region size 1024K, 2 young (2048K), 2 survivors (2048K)
 Metaspace       used 117132K, committed 117888K, reserved 1155072K
  class space    used 15919K, committed 16256K, reserved 1048576K
}

Dll operation events (2 events):
Event: 0.169 Loaded shared library C:\Program Files\Android\Android Studio\jbr\bin\java.dll
Event: 2.952 Loaded shared library C:\Program Files\Android\Android Studio\jbr\bin\verify.dll

Deoptimization events (20 events):
Event: 59.535 Thread 0x0000024c82801db0 Uncommon trap: trap_request=0xffffffde fr.pc=0x0000024cefa89dd8 relative=0x0000000000000938
Event: 59.535 Thread 0x0000024c82801db0 Uncommon trap: reason=class_check action=maybe_recompile pc=0x0000024cefa89dd8 method=com.android.tools.r8.ir.regalloc.b.a(Lcom/android/tools/r8/internal/ko;Lcom/android/tools/r8/ir/regalloc/a;)Z @ 134 c2
Event: 59.535 Thread 0x0000024c82801db0 DEOPT PACKING pc=0x0000024cefa89dd8 sp=0x000000b9fc7f66a0
Event: 59.535 Thread 0x0000024c82801db0 DEOPT UNPACKING pc=0x0000024ceefb699d sp=0x000000b9fc7f6648 mode 2
Event: 59.535 Thread 0x0000024c82801db0 Uncommon trap: trap_request=0xffffffde fr.pc=0x0000024cefa89dd8 relative=0x0000000000000938
Event: 59.535 Thread 0x0000024c82801db0 Uncommon trap: reason=class_check action=maybe_recompile pc=0x0000024cefa89dd8 method=com.android.tools.r8.ir.regalloc.b.a(Lcom/android/tools/r8/internal/ko;Lcom/android/tools/r8/ir/regalloc/a;)Z @ 134 c2
Event: 59.535 Thread 0x0000024c82801db0 DEOPT PACKING pc=0x0000024cefa89dd8 sp=0x000000b9fc7f66a0
Event: 59.535 Thread 0x0000024c82801db0 DEOPT UNPACKING pc=0x0000024ceefb699d sp=0x000000b9fc7f6648 mode 2
Event: 59.535 Thread 0x0000024c82801db0 Uncommon trap: trap_request=0xffffffde fr.pc=0x0000024cefa89dd8 relative=0x0000000000000938
Event: 59.535 Thread 0x0000024c82801db0 Uncommon trap: reason=class_check action=maybe_recompile pc=0x0000024cefa89dd8 method=com.android.tools.r8.ir.regalloc.b.a(Lcom/android/tools/r8/internal/ko;Lcom/android/tools/r8/ir/regalloc/a;)Z @ 134 c2
Event: 59.535 Thread 0x0000024c82801db0 DEOPT PACKING pc=0x0000024cefa89dd8 sp=0x000000b9fc7f66a0
Event: 59.535 Thread 0x0000024c82801db0 DEOPT UNPACKING pc=0x0000024ceefb699d sp=0x000000b9fc7f6648 mode 2
Event: 59.535 Thread 0x0000024c82801db0 Uncommon trap: trap_request=0xffffffde fr.pc=0x0000024cefa89dd8 relative=0x0000000000000938
Event: 59.535 Thread 0x0000024c82801db0 Uncommon trap: reason=class_check action=maybe_recompile pc=0x0000024cefa89dd8 method=com.android.tools.r8.ir.regalloc.b.a(Lcom/android/tools/r8/internal/ko;Lcom/android/tools/r8/ir/regalloc/a;)Z @ 134 c2
Event: 59.535 Thread 0x0000024c82801db0 DEOPT PACKING pc=0x0000024cefa89dd8 sp=0x000000b9fc7f66a0
Event: 59.535 Thread 0x0000024c82801db0 DEOPT UNPACKING pc=0x0000024ceefb699d sp=0x000000b9fc7f6648 mode 2
Event: 60.232 Thread 0x0000024c82801db0 DEOPT PACKING pc=0x0000024ce9478875 sp=0x000000b9fc7f6980
Event: 60.232 Thread 0x0000024c82801db0 DEOPT UNPACKING pc=0x0000024ceefb7124 sp=0x000000b9fc7f5e88 mode 0
Event: 60.727 Thread 0x0000024c83893ee0 DEOPT PACKING pc=0x0000024ce92801f2 sp=0x000000b9fb4f9160
Event: 60.727 Thread 0x0000024c83893ee0 DEOPT UNPACKING pc=0x0000024ceefb7124 sp=0x000000b9fb4f8970 mode 0

Classes unloaded (0 events):
No events

Classes redefined (0 events):
No events

Internal exceptions (20 events):
Event: 45.990 Thread 0x0000024c82801db0 Exception <a 'java/lang/NoSuchMethodError'{0x000000008f8978e8}: 'java.lang.Object java.lang.invoke.DirectMethodHandle$Holder.invokeStaticInit(java.lang.Object, java.lang.Object, java.lang.Object, java.lang.Object, java.lang.Object, java.lang.Object, java.lang.Object, java.lang.Object, java.lang.Object, java.lang.Object, java.lang.Object, java.lang.Object, java.lang.Object, java.lang.Object, java.lang.Object, java.lang.Object, java.lang.Object, java.lang.Object, java.lang.Object, java.lang.Object, int, java
Event: 46.025 Thread 0x0000024c82801db0 Exception <a 'java/lang/IncompatibleClassChangeError'{0x000000008f73a488}: Found class java.lang.Object, but interface was expected> (0x000000008f73a488) 
thrown [s\src\hotspot\share\interpreter\linkResolver.cpp, line 838]
Event: 46.633 Thread 0x0000024c81eab550 Exception <a 'java/lang/NoSuchMethodError'{0x000000008c2946e0}: 'void java.lang.invoke.DirectMethodHandle$Holder.invokeStatic(java.lang.Object, java.lang.Object, java.lang.Object, int)'> (0x000000008c2946e0) 
thrown [s\src\hotspot\share\interpreter\linkResolver.cpp, line 771]
Event: 46.636 Thread 0x0000024c81eab550 Exception <a 'java/lang/IncompatibleClassChangeError'{0x000000008bc5a7b8}: Found class java.lang.Object, but interface was expected> (0x000000008bc5a7b8) 
thrown [s\src\hotspot\share\interpreter\linkResolver.cpp, line 838]
Event: 46.637 Thread 0x0000024c81eab550 Exception <a 'java/lang/NoSuchMethodError'{0x000000008bc63698}: 'void java.lang.invoke.DirectMethodHandle$Holder.invokeInterface(java.lang.Object, java.lang.Object, java.lang.Object, int)'> (0x000000008bc63698) 
thrown [s\src\hotspot\share\interpreter\linkResolver.cpp, line 771]
Event: 47.478 Thread 0x0000024c81eab550 Exception <a 'java/lang/NoSuchMethodError'{0x00000000913c7e08}: 'java.lang.Object java.lang.invoke.DirectMethodHandle$Holder.invokeStatic(java.lang.Object, int, java.lang.Object, java.lang.Object)'> (0x00000000913c7e08) 
thrown [s\src\hotspot\share\interpreter\linkResolver.cpp, line 771]
Event: 47.479 Thread 0x0000024c82801db0 Exception <a 'java/lang/NoSuchMethodError'{0x000000009146fbe0}: 'java.lang.Object java.lang.invoke.DirectMethodHandle$Holder.invokeStatic(java.lang.Object, int, java.lang.Object, java.lang.Object)'> (0x000000009146fbe0) 
thrown [s\src\hotspot\share\interpreter\linkResolver.cpp, line 771]
Event: 47.491 Thread 0x0000024c81eab550 Exception <a 'java/lang/NoSuchMethodError'{0x0000000091065660}: 'java.lang.Object java.lang.invoke.DirectMethodHandle$Holder.invokeStatic(java.lang.Object, java.lang.Object, int, java.lang.Object, java.lang.Object)'> (0x0000000091065660) 
thrown [s\src\hotspot\share\interpreter\linkResolver.cpp, line 771]
Event: 47.491 Thread 0x0000024c82801db0 Exception <a 'java/lang/NoSuchMethodError'{0x000000009148a068}: 'java.lang.Object java.lang.invoke.DirectMethodHandle$Holder.invokeStatic(java.lang.Object, java.lang.Object, int, java.lang.Object, java.lang.Object)'> (0x000000009148a068) 
thrown [s\src\hotspot\share\interpreter\linkResolver.cpp, line 771]
Event: 47.948 Thread 0x0000024c81eab550 Exception <a 'java/lang/IncompatibleClassChangeError'{0x000000009ff52120}: Found class java.lang.Object, but interface was expected> (0x000000009ff52120) 
thrown [s\src\hotspot\share\interpreter\linkResolver.cpp, line 838]
Event: 47.952 Thread 0x0000024c81eab550 Exception <a 'java/lang/IncompatibleClassChangeError'{0x000000009ff5da98}: Found class java.lang.Object, but interface was expected> (0x000000009ff5da98) 
thrown [s\src\hotspot\share\interpreter\linkResolver.cpp, line 838]
Event: 48.125 Thread 0x0000024c81eab550 Exception <a 'java/lang/NoSuchMethodError'{0x000000009e6eaeb0}: 'void java.lang.invoke.DirectMethodHandle$Holder.invokeSpecial(java.lang.Object, java.lang.Object, int, java.lang.Object)'> (0x000000009e6eaeb0) 
thrown [s\src\hotspot\share\interpreter\linkResolver.cpp, line 771]
Event: 48.366 Thread 0x0000024c81eab550 Exception <a 'java/lang/NoSuchMethodError'{0x000000009d25c570}: 'int java.lang.invoke.DirectMethodHandle$Holder.invokeSpecial(java.lang.Object, java.lang.Object, java.lang.Object, int)'> (0x000000009d25c570) 
thrown [s\src\hotspot\share\interpreter\linkResolver.cpp, line 771]
Event: 48.620 Thread 0x0000024c81eab550 Exception <a 'java/lang/NoSuchMethodError'{0x000000009c058930}: 'int java.lang.invoke.DirectMethodHandle$Holder.invokeSpecial(java.lang.Object, java.lang.Object, java.lang.Object, int, java.lang.Object)'> (0x000000009c058930) 
thrown [s\src\hotspot\share\interpreter\linkResolver.cpp, line 771]
Event: 49.848 Thread 0x0000024c81eab550 Exception <a 'java/lang/NoSuchMethodError'{0x0000000097a6fe68}: 'java.lang.Object java.lang.invoke.DirectMethodHandle$Holder.invokeInterface(java.lang.Object, java.lang.Object, int)'> (0x0000000097a6fe68) 
thrown [s\src\hotspot\share\interpreter\linkResolver.cpp, line 771]
Event: 49.892 Thread 0x0000024c83893ee0 Implicit null exception at 0x0000024cef6c1c4b to 0x0000024cef6c1c70
Event: 55.485 Thread 0x0000024c83893ee0 Exception <a 'java/lang/NoSuchMethodError'{0x000000009bb5c998}: 'java.lang.Object java.lang.invoke.DirectMethodHandle$Holder.newInvokeSpecial(java.lang.Object, java.lang.Object, java.lang.Object, java.lang.Object, java.lang.Object, java.lang.Object, java.lang.Object, java.lang.Object, java.lang.Object, java.lang.Object)'> (0x000000009bb5c998) 
thrown [s\src\hotspot\share\interpreter\linkResolver.cpp, line 771]
Event: 55.522 Thread 0x0000024c83893ee0 Exception <a 'java/lang/NoSuchMethodError'{0x00000000a1182578}: 'java.lang.Object java.lang.invoke.Invokers$Holder.linkToTargetMethod(java.lang.Object, java.lang.Object, java.lang.Object, java.lang.Object, java.lang.Object, java.lang.Object, java.lang.Object, java.lang.Object, java.lang.Object, java.lang.Object)'> (0x00000000a1182578) 
thrown [s\src\hotspot\share\interpreter\linkResolver.cpp, line 771]
Event: 55.533 Thread 0x0000024c83893ee0 Exception <a 'java/lang/NoSuchMethodError'{0x00000000a1186f88}: 'int java.lang.invoke.DirectMethodHandle$Holder.invokeSpecial(java.lang.Object, java.lang.Object, int)'> (0x00000000a1186f88) 
thrown [s\src\hotspot\share\interpreter\linkResolver.cpp, line 771]
Event: 55.842 Thread 0x0000024c83893ee0 Exception <a 'java/lang/IncompatibleClassChangeError'{0x00000000a11fc3c8}: Found class java.lang.Object, but interface was expected> (0x00000000a11fc3c8) 
thrown [s\src\hotspot\share\interpreter\linkResolver.cpp, line 838]

VM Operations (20 events):
Event: 55.470 Executing VM operation: HandshakeAllThreads
Event: 55.472 Executing VM operation: HandshakeAllThreads done
Event: 55.501 Executing VM operation: G1CollectForAllocation
Event: 55.513 Executing VM operation: G1CollectForAllocation done
Event: 56.161 Executing VM operation: ICBufferFull
Event: 56.162 Executing VM operation: ICBufferFull done
Event: 56.800 Executing VM operation: ICBufferFull
Event: 56.892 Executing VM operation: ICBufferFull done
Event: 57.154 Executing VM operation: ICBufferFull
Event: 57.188 Executing VM operation: ICBufferFull done
Event: 57.992 Executing VM operation: G1CollectForAllocation
Event: 58.088 Executing VM operation: G1CollectForAllocation done
Event: 58.648 Executing VM operation: HandshakeAllThreads
Event: 58.670 Executing VM operation: HandshakeAllThreads done
Event: 58.701 Executing VM operation: ICBufferFull
Event: 58.702 Executing VM operation: ICBufferFull done
Event: 59.131 Executing VM operation: G1CollectForAllocation
Event: 59.383 Executing VM operation: G1CollectForAllocation done
Event: 60.393 Executing VM operation: Cleanup
Event: 60.495 Executing VM operation: Cleanup done

Events (20 events):
Event: 54.299 Thread 0x0000024cfe505d30 flushing nmethod 0x0000024ce8d08290
Event: 54.319 Thread 0x0000024cfe505d30 flushing nmethod 0x0000024ce8dcce90
Event: 54.319 Thread 0x0000024cfe505d30 flushing nmethod 0x0000024ce8dcf290
Event: 54.319 Thread 0x0000024cfe505d30 flushing nmethod 0x0000024ce8dcfc10
Event: 54.319 Thread 0x0000024cfe505d30 flushing nmethod 0x0000024ce8dd0510
Event: 54.319 Thread 0x0000024cfe505d30 flushing nmethod 0x0000024ce8dd0b10
Event: 54.319 Thread 0x0000024cfe505d30 flushing nmethod 0x0000024ce8ddee10
Event: 54.319 Thread 0x0000024cfe505d30 flushing nmethod 0x0000024ce8de5810
Event: 54.320 Thread 0x0000024cfe505d30 flushing nmethod 0x0000024ce8de9810
Event: 54.320 Thread 0x0000024cfe505d30 flushing nmethod 0x0000024ce8e09390
Event: 54.320 Thread 0x0000024cfe505d30 flushing nmethod 0x0000024ce8e24390
Event: 54.320 Thread 0x0000024cfe505d30 flushing nmethod 0x0000024ce8e28210
Event: 54.320 Thread 0x0000024cfe505d30 flushing nmethod 0x0000024ce8e2ba10
Event: 54.320 Thread 0x0000024cfe505d30 flushing nmethod 0x0000024ce8e63290
Event: 54.321 Thread 0x0000024cfe505d30 flushing nmethod 0x0000024ce8f02410
Event: 58.671 Thread 0x0000024cfe505d30 flushing nmethod 0x0000024cef64b590
Event: 58.673 Thread 0x0000024cfe505d30 flushing nmethod 0x0000024cef811d10
Event: 58.673 Thread 0x0000024cfe505d30 flushing nmethod 0x0000024cef812b90
Event: 58.692 Thread 0x0000024cfe505d30 flushing nmethod 0x0000024ce8dfda90
Event: 58.693 Thread 0x0000024cfe505d30 flushing nmethod 0x0000024ce8ec7490


Dynamic libraries:
0x00007ff6e6010000 - 0x00007ff6e601a000 	C:\Program Files\Android\Android Studio\jbr\bin\java.exe
0x00007ffb75250000 - 0x00007ffb75448000 	C:\Windows\SYSTEM32\ntdll.dll
0x00007ffb737b0000 - 0x00007ffb7386f000 	C:\Windows\System32\KERNEL32.DLL
0x00007ffb729a0000 - 0x00007ffb72c96000 	C:\Windows\System32\KERNELBASE.dll
0x00007ffb6fdf0000 - 0x00007ffb6fe81000 	C:\Windows\SYSTEM32\apphelp.dll
0x00007ffb72d80000 - 0x00007ffb72e80000 	C:\Windows\System32\ucrtbase.dll
0x00007ffb6b2e0000 - 0x00007ffb6b2fb000 	C:\Program Files\Android\Android Studio\jbr\bin\VCRUNTIME140.dll
0x00007ffb67460000 - 0x00007ffb67477000 	C:\Program Files\Android\Android Studio\jbr\bin\jli.dll
0x00007ffb73500000 - 0x00007ffb7369d000 	C:\Windows\System32\USER32.dll
0x00007ffb73280000 - 0x00007ffb732a2000 	C:\Windows\System32\win32u.dll
0x00007ffb73b20000 - 0x00007ffb73b4c000 	C:\Windows\System32\GDI32.dll
0x00007ffb72e80000 - 0x00007ffb72f95000 	C:\Windows\System32\gdi32full.dll
0x00007ffb72fa0000 - 0x00007ffb7303d000 	C:\Windows\System32\msvcp_win.dll
0x00007ffb674b0000 - 0x00007ffb6774a000 	C:\Windows\WinSxS\amd64_microsoft.windows.common-controls_6595b64144ccf1df_6.0.19041.1110_none_60b5254171f9507e\COMCTL32.dll
0x00007ffb732b0000 - 0x00007ffb7334e000 	C:\Windows\System32\msvcrt.dll
0x00007ffb74160000 - 0x00007ffb74190000 	C:\Windows\System32\IMM32.DLL
0x00007ffb6e1e0000 - 0x00007ffb6e1ec000 	C:\Program Files\Android\Android Studio\jbr\bin\vcruntime140_1.dll
0x00007ffb57e00000 - 0x00007ffb57e8d000 	C:\Program Files\Android\Android Studio\jbr\bin\msvcp140.dll
0x00007ffb49a60000 - 0x00007ffb4a6ce000 	C:\Program Files\Android\Android Studio\jbr\bin\server\jvm.dll
0x00007ffb736a0000 - 0x00007ffb7374f000 	C:\Windows\System32\ADVAPI32.dll
0x00007ffb74b80000 - 0x00007ffb74c1c000 	C:\Windows\System32\sechost.dll
0x00007ffb73350000 - 0x00007ffb73476000 	C:\Windows\System32\RPCRT4.dll
0x00007ffb71090000 - 0x00007ffb7109a000 	C:\Windows\SYSTEM32\VERSION.dll
0x00007ffb6fc90000 - 0x00007ffb6fcb7000 	C:\Windows\SYSTEM32\WINMM.dll
0x00007ffb6e280000 - 0x00007ffb6e289000 	C:\Windows\SYSTEM32\WSOCK32.dll
0x00007ffb73b50000 - 0x00007ffb73bbb000 	C:\Windows\System32\ws2_32.DLL
0x00007ffb71190000 - 0x00007ffb711a2000 	C:\Windows\SYSTEM32\kernel.appcore.dll
0x00007ffb6dc70000 - 0x00007ffb6dc7a000 	C:\Program Files\Android\Android Studio\jbr\bin\jimage.dll
0x00007ffb5a9e0000 - 0x00007ffb5abc4000 	C:\Windows\SYSTEM32\DBGHELP.DLL
0x00007ffb5a950000 - 0x00007ffb5a984000 	C:\Windows\SYSTEM32\dbgcore.DLL
0x00007ffb73040000 - 0x00007ffb730c2000 	C:\Windows\System32\bcryptPrimitives.dll
0x00007ffb6a2c0000 - 0x00007ffb6a2e5000 	C:\Program Files\Android\Android Studio\jbr\bin\java.dll
0x00007ffb68e60000 - 0x00007ffb68e78000 	C:\Program Files\Android\Android Studio\jbr\bin\zip.dll
0x00007ffb74190000 - 0x00007ffb748d4000 	C:\Windows\System32\SHELL32.dll
0x00007ffb708e0000 - 0x00007ffb71073000 	C:\Windows\SYSTEM32\windows.storage.dll
0x00007ffb73d70000 - 0x00007ffb740c4000 	C:\Windows\System32\combase.dll
0x00007ffb722a0000 - 0x00007ffb722ce000 	C:\Windows\SYSTEM32\Wldp.dll
0x00007ffb739c0000 - 0x00007ffb73a6d000 	C:\Windows\System32\SHCORE.dll
0x00007ffb74c20000 - 0x00007ffb74c75000 	C:\Windows\System32\shlwapi.dll
0x00007ffb72870000 - 0x00007ffb7288f000 	C:\Windows\SYSTEM32\profapi.dll
0x00007ffb68e20000 - 0x00007ffb68e39000 	C:\Program Files\Android\Android Studio\jbr\bin\net.dll
0x00007ffb6c320000 - 0x00007ffb6c42a000 	C:\Windows\SYSTEM32\WINHTTP.dll
0x00007ffb72000000 - 0x00007ffb7206a000 	C:\Windows\system32\mswsock.dll
0x00007ffb68c30000 - 0x00007ffb68c46000 	C:\Program Files\Android\Android Studio\jbr\bin\nio.dll
0x00007ffb6cfa0000 - 0x00007ffb6cfb0000 	C:\Program Files\Android\Android Studio\jbr\bin\verify.dll
0x00007ffb68fe0000 - 0x00007ffb69007000 	C:\Users\Mess\.gradle\native\68d5fa5c4cc2d200863cafc0d521ce42e7d3e7ee720ec0a83991735586a16f82\windows-amd64\native-platform.dll
0x00007ffb51020000 - 0x00007ffb51164000 	C:\Users\Mess\.gradle\native\e376f236ea51e6404a007f0833ffe2c6e607c4080706a723a18a27aeea778392\windows-amd64\native-platform-file-events.dll
0x00007ffb6c050000 - 0x00007ffb6c059000 	C:\Program Files\Android\Android Studio\jbr\bin\management.dll
0x00007ffb6b2d0000 - 0x00007ffb6b2db000 	C:\Program Files\Android\Android Studio\jbr\bin\management_ext.dll
0x00007ffb739a0000 - 0x00007ffb739a8000 	C:\Windows\System32\PSAPI.DLL
0x00007ffb72200000 - 0x00007ffb72218000 	C:\Windows\SYSTEM32\CRYPTSP.dll
0x00007ffb71920000 - 0x00007ffb71954000 	C:\Windows\system32\rsaenh.dll
0x00007ffb72ca0000 - 0x00007ffb72cc7000 	C:\Windows\System32\bcrypt.dll
0x00007ffb727f0000 - 0x00007ffb7281e000 	C:\Windows\SYSTEM32\USERENV.dll
0x00007ffb721f0000 - 0x00007ffb721fc000 	C:\Windows\SYSTEM32\CRYPTBASE.dll
0x00007ffb71cf0000 - 0x00007ffb71d2c000 	C:\Windows\SYSTEM32\IPHLPAPI.DLL
0x00007ffb739b0000 - 0x00007ffb739b8000 	C:\Windows\System32\NSI.dll
0x00007ffb6c8b0000 - 0x00007ffb6c8c7000 	C:\Windows\SYSTEM32\dhcpcsvc6.DLL
0x00007ffb6ce70000 - 0x00007ffb6ce8d000 	C:\Windows\SYSTEM32\dhcpcsvc.DLL
0x00007ffb71d30000 - 0x00007ffb71dfa000 	C:\Windows\SYSTEM32\DNSAPI.dll
0x00007ffb69050000 - 0x00007ffb69057000 	C:\Windows\system32\wshunix.dll
0x00007ffb65d10000 - 0x00007ffb65d27000 	C:\Windows\system32\napinsp.dll
0x00007ffb5c030000 - 0x00007ffb5c04b000 	C:\Windows\system32\pnrpnsp.dll
0x00007ffb58830000 - 0x00007ffb58845000 	C:\Windows\system32\wshbth.dll
0x00007ffb6e0c0000 - 0x00007ffb6e0dd000 	C:\Windows\system32\NLAapi.dll
0x00007ffb5bc80000 - 0x00007ffb5bc92000 	C:\Windows\System32\winrnr.dll
0x00007ffb6b5b0000 - 0x00007ffb6b5ba000 	C:\Windows\System32\rasadhlp.dll
0x00007ffb6b220000 - 0x00007ffb6b2a2000 	C:\Windows\System32\fwpuclnt.dll

dbghelp: loaded successfully - version: 4.0.5 - missing functions: none
symbol engine: initialized successfully - sym options: 0x614 - pdb path: .;C:\Program Files\Android\Android Studio\jbr\bin;C:\Windows\SYSTEM32;C:\Windows\WinSxS\amd64_microsoft.windows.common-controls_6595b64144ccf1df_6.0.19041.1110_none_60b5254171f9507e;C:\Program Files\Android\Android Studio\jbr\bin\server;C:\Users\Mess\.gradle\native\68d5fa5c4cc2d200863cafc0d521ce42e7d3e7ee720ec0a83991735586a16f82\windows-amd64;C:\Users\Mess\.gradle\native\e376f236ea51e6404a007f0833ffe2c6e607c4080706a723a18a27aeea778392\windows-amd64

VM Arguments:
jvm_args: --add-opens=java.base/java.util=ALL-UNNAMED --add-opens=java.base/java.lang=ALL-UNNAMED --add-opens=java.base/java.lang.invoke=ALL-UNNAMED --add-opens=java.prefs/java.util.prefs=ALL-UNNAMED --add-opens=java.base/java.nio.charset=ALL-UNNAMED --add-opens=java.base/java.net=ALL-UNNAMED --add-opens=java.base/java.util.concurrent.atomic=ALL-UNNAMED -Xmx2048m -Dfile.encoding=UTF-8 -Duser.country=US -Duser.language=en -Duser.variant 
java_command: org.gradle.launcher.daemon.bootstrap.GradleDaemon 8.0
java_class_path (initial): C:\Users\Mess\.gradle\wrapper\dists\gradle-8.0-bin\ca5e32bp14vu59qr306oxotwh\gradle-8.0\lib\gradle-launcher-8.0.jar
Launcher Type: SUN_STANDARD

[Global flags]
     intx CICompilerCount                          = 3                                         {product} {ergonomic}
     uint ConcGCThreads                            = 1                                         {product} {ergonomic}
     uint G1ConcRefinementThreads                  = 4                                         {product} {ergonomic}
   size_t G1HeapRegionSize                         = 1048576                                   {product} {ergonomic}
    uintx GCDrainStackTargetSize                   = 64                                        {product} {ergonomic}
   size_t InitialHeapSize                          = 100663296                                 {product} {ergonomic}
   size_t MarkStackSize                            = 4194304                                   {product} {ergonomic}
   size_t MaxHeapSize                              = 2147483648                                {product} {command line}
   size_t MaxNewSize                               = 1287651328                                {product} {ergonomic}
   size_t MinHeapDeltaBytes                        = 1048576                                   {product} {ergonomic}
   size_t MinHeapSize                              = 8388608                                   {product} {ergonomic}
    uintx NonNMethodCodeHeapSize                   = 5832780                                {pd product} {ergonomic}
    uintx NonProfiledCodeHeapSize                  = 122912730                              {pd product} {ergonomic}
    uintx ProfiledCodeHeapSize                     = 122912730                              {pd product} {ergonomic}
    uintx ReservedCodeCacheSize                    = 251658240                              {pd product} {ergonomic}
     bool SegmentedCodeCache                       = true                                      {product} {ergonomic}
   size_t SoftMaxHeapSize                          = 2147483648                             {manageable} {ergonomic}
     bool UseCompressedClassPointers               = true                           {product lp64_product} {ergonomic}
     bool UseCompressedOops                        = true                           {product lp64_product} {ergonomic}
     bool UseG1GC                                  = true                                      {product} {ergonomic}
     bool UseLargePagesIndividualAllocation        = false                                  {pd product} {ergonomic}

Logging:
Log output configuration:
 #0: stdout all=warning uptime,level,tags
 #1: stderr all=off uptime,level,tags

Environment Variables:
PATH=C:\Windows\system32;C:\Windows;C:\Windows\System32\Wbem;C:\Windows\System32\WindowsPowerShell\v1.0\;C:\Windows\System32\OpenSSH\;C:\Program Files\Git\cmd;C:\Users\Mess\AppData\Local\Microsoft\WindowsApps;
USERNAME=Mess
OS=Windows_NT
PROCESSOR_IDENTIFIER=Intel64 Family 6 Model 30 Stepping 5, GenuineIntel
TMP=C:\Users\Mess\AppData\Local\Temp
TEMP=C:\Users\Mess\AppData\Local\Temp


JNI global refs:
JNI global refs: 25, weak refs: 55

JNI global refs memory usage: 843, weak refs: 841


---------------  S Y S T E M  ---------------

OS:
 Windows 10 , 64 bit Build 19041 (10.0.19041.3031)
OS uptime: 2 days 22:10 hours

CPU: total 4 (initial active 4) (4 cores per cpu, 1 threads per core) family 6 model 30 stepping 5 microcode 0xa, cx8, cmov, fxsr, mmx, sse, sse2, sse3, ssse3, sse4.1, sse4.2, popcnt, tsc, tscinvbit, clflush

Memory: 4k page, system-wide physical 6134M (240M free)
TotalPageFile size 14134M (AvailPageFile size 3M)
current process WorkingSet (physical memory assigned to process): 319M, peak: 514M
current process commit charge ("private bytes"): 919M, peak: 1527M

vm_info: OpenJDK 64-Bit Server VM (17.0.6+0-b2043.56-10027231) for windows-amd64 JRE (17.0.6+0-b2043.56-10027231), built on Apr 28 2023 00:43:19 by "androidbuild" with MS VC++ 16.10 / 16.11 (VS2019)

END.
